Rank,Player,Position,Age,Team,Played,GS,MP,FG,FGA,3P,3PA,2P,2PA,FT,FTA,ORB,DRB,TRB,AST,STL,BLK,PF,PTS
1,Precious Achiuwa,Center,24,TOR,16,0,18.1,3.3,7,0.6,1.9,2.6,5.1,0.9,1.6,2.3,3.9,6.2,1.9,0.6,0.4,1.8,8
2,Bam Adebayo,Center,26,MIA,16,16,33.6,8.3,15.8,0.1,0.2,8.2,15.6,5.7,7,2.1,7.9,9.9,3.9,1.2,1,2.4,22.3
3,Ochai Agbaji,Shooting Guard,23,UTA,22,9,20.4,2.4,5.2,1.3,3.2,1.1,2,0.3,0.4,0.8,1.7,2.5,1,0.6,0.5,1.5,6.4
4,Santi Aldama,Power Forward,23,MEM,15,4,26.9,5.1,11.7,1.7,5.3,3.5,6.4,1.2,1.9,1.7,4.6,6.3,2.3,0.7,0.7,1.7,13.1
5,Nickeil Alexander-Walker,Shooting Guard,25,MIN,21,10,23.9,2.6,6.4,1.5,4.2,1.1,2.1,0.3,0.6,0.5,1.7,2.1,2.5,0.9,0.7,1.9,7
6,Grayson Allen,Shooting Guard,28,PHO,19,19,33.1,4.1,8.5,2.3,4.9,1.8,3.6,1.8,2,0.7,3.8,4.5,2.9,0.7,0.4,2.3,12.3
7,Jarrett Allen,Center,25,CLE,17,17,28.5,5.3,7.9,0,0,5.3,7.9,2.4,3.4,3.1,5.2,8.3,2.2,0.6,1,2.8,13
8,Jose Alvarado,Point Guard,25,NOP,9,0,16.8,2.8,6.4,1.4,3.3,1.3,3.1,0.3,0.9,0.4,1.7,2.1,2.2,1.2,0.3,1.2,7.3
9,Kyle Anderson,Power Forward,30,MIN,21,0,24,2.7,5.9,0.1,0.9,2.6,5,1.7,2.5,0.8,3,3.8,4,0.8,0.9,1.4,7.2
10,Giannis Antetokounmpo,Power Forward,29,MIL,21,21,34.6,11.8,19.1,0.4,1.8,11.3,17.4,6.6,10,2.7,7.9,10.6,5,1.4,1.3,3.1,30.5
11,Thanasis Antetokounmpo,Power Forward,31,MIL,8,0,5.9,0.5,1.1,0,0,0.5,1.1,0,0,0.4,0.3,0.6,0.5,0.3,0.1,0.9,1
12,Cole Anthony,Point Guard,23,ORL,22,0,26,5.1,11.3,1.4,3.9,3.7,7.4,3.8,4.5,1.1,3.5,4.6,3.6,0.7,0.5,3,15.4
13,OG Anunoby,Small Forward,26,TOR,18,18,32.5,5.5,11.9,2.5,6.4,3,5.5,1.3,2,1,3.3,4.3,2.4,1.1,0.7,2.4,14.8
14,Ryan Arcidiacono,Point Guard,29,NYK,6,0,2.2,0,0.2,0,0.2,0,0,0,0,0,0.5,0.5,0.2,0.2,0,0,0
15,Deni Avdija,Small Forward,23,WAS,21,21,26.9,4.9,9.2,1,2.9,3.9,6.4,1.5,1.8,1.2,4.3,5.5,3.9,0.9,0.4,2.2,12.2
16,Deandre Ayton,Center,25,POR,18,18,31.9,6,10.2,0,0,6,10.2,0.9,1.2,3.1,7.7,10.8,1.6,1.2,0.7,2.6,12.9
17,Udoka Azubuike,Center,24,PHO,2,0,4.5,0.5,0.5,0,0,0.5,0.5,0,0,0,2,2,0,0,0,0.5,1
18,Marvin Bagley III,Center,24,DET,20,7,18.3,3.9,6.7,0.1,0.3,3.8,6.5,2.1,2.4,1.9,3,4.8,1.2,0.1,0.6,1.5,9.8
19,Amari Bailey,Point Guard,19,CHO,1,0,3,1,3,0,0,1,3,0,0,2,0,2,0,0,0,0,2
20,Patrick Baldwin Jr,Small Forward,21,WAS,4,0,3.8,0,1.3,0,0.3,0,1,0,0,0.5,0.8,1.3,0.3,0,0.3,0.3,0
21,LaMelo Ball,Point Guard,22,CHO,15,15,33.4,8.8,19.9,3.5,8.9,5.3,10.9,3.6,4.2,1.5,3.9,5.5,8.2,1.4,0.3,3.5,24.7
22,Mo Bamba,Center,25,PHI,10,0,6.2,1.3,2.5,0.3,0.7,1,1.8,0.6,0.8,1.3,1.1,2.4,0.1,0.1,0.7,0.8,3.5
23,Paolo Banchero,Power Forward,21,ORL,22,22,33.5,7.5,15.3,1.3,3.1,6.3,12.1,4.4,6.4,1.3,5.4,6.7,4.5,1,0.6,2.4,20.7
24,Desmond Bane,Shooting Guard,25,MEM,21,21,34.2,9,19.3,3.3,8.7,5.7,10.7,3.3,3.8,0.9,3.5,4.4,5.1,1.3,0.8,3.1,24.6
25,Dalano Banton,Point Guard,24,BOS,11,1,8.3,1.2,2.5,0.1,0.6,1.1,1.8,0.5,0.5,0.9,1.4,2.3,0.5,0.2,0.2,1.1,2.9
26,Dominick Barlow,Power Forward,20,SAS,7,0,5,0.4,1,0,0,0.4,1,0.3,0.6,0,0.7,0.7,0,0.1,0,0.3,1.1
27,Harrison Barnes,Power Forward,31,SAC,20,20,31.6,4,8.5,1.8,4.7,2.2,3.8,2.1,2.5,1,2.6,3.5,1.5,0.8,0.2,1.1,11.7
28,Scottie Barnes,Shooting Guard,22,TOR,22,22,34.8,7.4,15.8,2,5.2,5.4,10.6,3,4,2.7,6.5,9.2,5.6,1.7,1.3,2,19.8
29,RJ Barrett,Shooting Guard,23,NYK,16,16,29.6,6.5,15.2,1.9,5.1,4.6,10.1,4.2,4.9,0.7,3.2,3.9,2.6,0.5,0.2,1.4,19.1
30,Charles Bassey,Center,23,SAS,19,0,10.8,1.5,2.1,0,0.1,1.5,2.1,0.3,0.3,1.2,2.8,4,1.1,0.4,0.9,1.6,3.3
31,Emoni Bates,Small Forward,20,CLE,7,0,7.4,0.6,2.1,0.4,1.7,0.1,0.4,0.1,0.3,0.1,1.1,1.3,0.3,0.1,0.1,0.3,1.7
32,Keita Bates-Diop,Small Forward,28,PHO,19,8,18.7,2,4.9,0.5,1.9,1.5,3,1.2,1.7,1.1,2.3,3.3,0.9,0.6,0.8,1,5.7
33,Nicolas Batum,Power Forward,35,TOT,15,9,24.6,2.1,3.7,1.5,3,0.6,0.7,0.5,0.7,1,2.9,3.9,2,0.6,0.7,2,6.3
33,Nicolas Batum,Power Forward,35,LAC,3,0,18,1,2.7,0.7,2.3,0.3,0.3,0,0,0,2.3,2.3,1.7,1,1.3,1.7,2.7
33,Nicolas Batum,Power Forward,35,PHI,12,9,26.3,2.4,4,1.8,3.2,0.7,0.8,0.6,0.9,1.3,3,4.3,2.1,0.5,0.6,2.1,7.2
34,Bradley Beal,Shooting Guard,30,PHO,3,3,28.7,6,15.3,1.7,5,4.3,10.3,3.7,5.3,1,4.3,5.3,3.7,0.7,0.3,3,17.3
35,Malik Beasley,Shooting Guard,27,MIL,22,22,29.6,4.3,9,3,6.5,1.3,2.5,0.4,0.5,0.6,3.8,4.4,1.4,0.9,0.1,2,11.9
36,MarJon Beauchamp,Small Forward,23,MIL,18,0,16.3,2,4.3,0.9,2,1.1,2.3,0.5,0.9,0.7,1.8,2.6,0.9,0.3,0.2,1.7,5.4
37,Jules Bernard,Shooting Guard,24,WAS,1,0,4,0,1,0,1,0,0,0,0,0,0,0,1,0,0,0,0
38,Davis Bertins,Power Forward,31,OKC,7,0,8.1,0.9,2.3,0.9,2.1,0,0.1,2,2.1,0,0.7,0.7,0.7,0.3,0.1,1.1,4.6
39,Patrick Beverley,Point Guard,35,PHI,21,1,18.3,1.7,4,0.6,2.1,1.1,2,0.6,0.8,0.9,2.2,3.1,2.5,0.5,0.3,1.9,4.6
40,Saddiq Bey,Small Forward,24,ATL,21,9,30,4.7,9.6,1.9,4.8,2.8,4.8,1.6,2,2.2,3.8,6,1.2,1,0.1,1.6,13
41,Goga Bitadze,Center,24,ORL,20,17,20.6,2.7,4.7,0.1,0.3,2.7,4.5,1.5,2.1,2.1,3.9,6,1.9,0.7,1.6,2.4,7
42,Onuralp Bitim,Shooting Guard,24,CHI,1,0,3,0,0,0,0,0,0,0,0,0,0,0,0,0,0,0,0
43,Bismack Biyombo,Center,31,MEM,16,15,25.1,2.5,4.4,0,0,2.5,4.4,1.1,1.9,2.5,4.5,7,2.1,0.4,1.3,2.9,6.1
44,Anthony Black,Point Guard,20,ORL,20,16,19.2,2,3.9,0.4,1.3,1.6,2.6,0.8,1.3,0.6,1.8,2.3,1.5,0.3,0.4,2.1,5.1
45,Leaky Black,Small Forward,24,CHO,4,0,4.3,0.5,1.3,0.3,0.5,0.3,0.8,0,0,0,0.5,0.5,0.3,0.3,0.5,0.3,1.3
46,Bogdan Bogdanovi,Shooting Guard,31,ATL,21,2,27.2,5.9,13,3.1,8,2.8,4.9,1.3,1.4,0.4,3,3.4,2.2,1.4,0.3,2.5,16.1
47,Bojan Bogdanovi,Power Forward,34,DET,3,2,29.3,6.3,13.3,2.7,7,3.7,6.3,2.3,3,0.3,2.7,3,3.3,1.7,0,0.7,17.7
48,Bol Bol,Power Forward,24,PHO,4,0,2,0.3,0.3,0,0,0.3,0.3,0,0,0,0.3,0.3,0,0,0.3,0,0.5
49,Marques Bolden,Center,25,MIL,1,0,3,0,0,0,0,0,0,0,0,0,2,2,0,0,0,1,0
50,Devin Booker,Shooting Guard,27,PHO,13,13,34.6,8.9,18.6,2,4.7,6.9,13.9,7.5,8.2,1,5.3,6.3,8.1,0.8,0.5,3.2,27.4
51,Chris Boucher,Power Forward,31,TOR,20,0,14.6,2.2,4.9,0.7,1.9,1.5,3,1.6,2,1.3,2.7,3.9,0.4,0.4,0.5,1.8,6.7
52,James Bouknight,Shooting Guard,23,CHO,1,0,5,2,3,1,2,1,1,0,0,1,0,1,0,0,0,0,5
53,Jamaree Bouyea,Point Guard,24,POR,6,0,9.5,0.8,3.5,0,1.3,0.8,2.2,0,0,0.3,1.3,1.7,1.3,0,0,0.5,1.7
54,Malaki Branham,Shooting Guard,20,SAS,21,9,20.3,3.2,7.8,1,3.2,2.3,4.6,0.5,0.5,0.3,1,1.3,2,0.4,0.1,1.4,7.9
55,Christian Braun,Shooting Guard,22,DEN,23,0,20.3,3.4,7.1,0.6,1.6,2.8,5.5,1.2,1.6,0.9,3.2,4.1,1.9,0.4,0.3,1.7,8.6
56,Mikal Bridges,Small Forward,27,BRK,21,21,34.8,8.5,17.2,2.1,5.7,6.3,11.5,4.1,4.8,1.1,5,6,4,1,0.6,1.7,23.2
57,Miles Bridges,Small Forward,25,CHO,10,8,36.8,7.4,14.8,2.1,5,5.3,9.8,3.3,3.9,0.9,6.3,7.2,2.7,1.5,0.3,2,20.2
58,Oshae Brissett,Small Forward,25,BOS,9,0,10,0.3,1.9,0.1,1,0.2,0.9,0.8,1.3,0.9,1.4,2.3,0.3,0.4,0,1,1.6
59,Malcolm Brogdon,Point Guard,31,POR,15,10,28.1,6.1,14.7,2,5.3,4.1,9.5,2.9,3.6,1,3,4,6.1,0.9,0.2,1.3,17
60,Armoni Brooks,Point Guard,25,BRK,5,0,9,1.2,3.4,1,2.6,0.2,0.8,0,0,0.4,1.6,2,0,0,0,0.2,3.4
61,Dillon Brooks,Small Forward,28,HOU,19,19,31.3,5.1,10.4,1.9,4.5,3.2,5.9,1.9,2.3,0.8,2.7,3.5,1.7,1,0.1,4,13.9
62,Bruce Brown,Shooting Guard,27,IND,20,20,31.8,4.6,9.7,1.3,3.7,3.3,6,2.2,2.6,0.5,3.9,4.4,2.8,1.2,0.3,2.4,12.6
63,Charlie Brown Jr,Shooting Guard,26,NYK,1,0,2,0,1,0,1,0,0,0,0,0,0,0,0,0,0,0,0
64,Jaylen Brown,Small Forward,27,BOS,20,20,34,8.5,18.4,2.4,6.9,6.2,11.5,2.6,3.7,0.6,4.3,4.9,3.3,1.2,0.7,3.1,22
65,Kobe Brown,Power Forward,24,LAC,12,0,9.6,0.8,2.3,0.4,1.5,0.3,0.8,0.1,0.2,0.4,1.4,1.8,0.6,0.1,0.2,1.8,2
66,Moses Brown,Center,24,POR,3,0,4.7,1,1.7,0,0,1,1.7,0,0.7,1.3,0.3,1.7,0.3,0.3,0.3,0.3,2
67,Troy Brown Jr,Small Forward,24,MIN,17,2,15.4,1.9,4.1,1.1,2.7,0.8,1.4,1,1.2,0.7,2.1,2.8,0.9,0.4,0.1,0.9,5.8
68,Jalen Brunson,Point Guard,27,NYK,21,21,35.4,8.9,19.1,3,6.8,5.9,12.3,4,5,0.6,3,3.6,5.5,1,0,2.1,24.8
69,Thomas Bryant,Center,26,MIA,13,3,12.9,2.1,4.2,0,0.2,2.1,3.9,0.9,1.2,1,2.8,3.8,0.6,0.5,0.3,1.3,5.1
70,Kobe Bufkin,Shooting Guard,20,ATL,2,0,2,0,1.5,0,0.5,0,1,0.5,1,0.5,0.5,1,0,0,0,0,0.5
71,Reggie Bullock,Small Forward,32,HOU,9,0,9.1,0.6,1.7,0.4,1.4,0.1,0.2,0.1,0.1,0.2,1.2,1.4,0.3,0.1,0.1,0.8,1.7
72,Alec Burks,Shooting Guard,32,DET,15,0,19.2,2.9,8.2,1.9,5.3,0.9,2.9,2.8,3.2,0.5,1.9,2.4,1.8,0.3,0.3,1.5,10.5
73,Jared Butler,Shooting Guard,23,WAS,9,0,7,0.9,2.4,0.3,1.3,0.6,1.1,0.7,0.8,0,0.8,0.8,1.4,0.4,0.1,1.2,2.8
74,Jimmy Butler,Power Forward,34,MIA,18,18,34.1,6.8,14.9,1,2.6,5.8,12.3,7.2,8.2,2,3.2,5.2,4.1,1.2,0.4,0.9,21.9
75,Jamal Cain,Power Forward,24,MIA,6,0,12.7,1.3,2.8,0.3,1.5,1,1.3,0.3,0.8,0.5,1,1.5,0,0.7,0,0.8,3.3
76,Kentavious Caldwell-Pope,Shooting Guard,30,DEN,23,23,33.9,3.8,8.3,1.6,3.8,2.3,4.6,1.7,1.9,0.4,1.5,1.9,2.7,1.6,0.4,2,11
77,Toumani Camara,Power Forward,23,POR,21,12,25.3,2.5,6.6,0.8,3,1.7,3.6,1,1.3,2.1,2.6,4.7,1,0.9,0.6,2.8,6.7
78,Clint Capela,Center,29,ATL,21,21,25,4.6,8.1,0,0,4.6,8.1,1.5,2.5,4.8,5.7,10.5,1.1,0.7,1.7,2.5,10.8
79,Jevon Carter,Point Guard,28,CHI,23,0,14.1,2,5.2,1.1,3.2,0.9,2,0,0,0.1,0.4,0.5,1.3,0.5,0.3,1.1,5.1
80,Wendell Carter Jr,Center,24,ORL,5,5,29.4,3.4,9,1,3.2,2.4,5.8,1.6,2.8,2.2,6.4,8.6,1.6,0.6,0.4,2.8,9.4
81,Alex Caruso,Shooting Guard,29,CHI,20,9,23.5,3.4,6.3,1.6,3.5,1.8,2.8,1.2,1.6,1.3,2.2,3.4,2.3,1.3,0.8,2.3,9.5
82,Colin Castleton,Center,23,LAL,3,0,7.7,0.7,1.7,0,0,0.7,1.7,0.7,0.7,1,1,2,0.7,0,0,1.7,2
83,Malcolm Cazalon,Shooting Guard,22,DET,1,0,3,0,0,0,0,0,0,0,0,0,0,0,0,0,0,0,0
84,Julian Champagnie,Small Forward,22,SAS,14,5,14.6,1.9,5.3,1.4,3.8,0.5,1.5,0.6,0.8,0.4,1.4,1.8,0.9,0.4,0.7,1,5.9
85,Max Christie,Shooting Guard,20,LAL,18,5,17.6,1.9,4.6,0.7,2.1,1.2,2.4,0.6,0.8,0.2,2.6,2.7,1,0.4,0.2,1.6,5
86,Sidy Cissoko,Small Forward,19,SAS,1,0,4,0,0,0,0,0,0,0,0,0,0,0,0,0,0,0,0
87,Jordan Clarkson,Shooting Guard,31,UTA,18,18,31.3,6.2,15.3,1.7,5.6,4.5,9.7,2.9,3.6,1.2,2.1,3.3,4.9,0.8,0.1,1.4,17.1
88,Nic Claxton,Center,24,BRK,12,12,27.2,5.3,8.1,0,0,5.3,8.1,1.3,2.3,3.4,5.9,9.3,1.6,0.6,2.4,2.4,12
89,Noah Clowney,Power Forward,19,BRK,1,0,3,0,0,0,0,0,0,0,0,0,1,1,0,0,0,0,0
90,Amir Coffey,Small Forward,26,LAC,10,0,5.8,0.4,1.2,0,0.3,0.4,0.9,0.4,0.4,0.2,0.5,0.7,0.3,0.1,0,0.5,1.2
91,John Collins,Power Forward,26,UTA,22,22,31,5.5,11.4,1.4,3.7,4.1,7.7,2,2.7,2.7,5.9,8.6,0.9,0.6,1,2.8,14.5
92,Zach Collins,Center,26,SAS,21,20,28.8,5.1,10.7,1.1,4,4,6.6,2.3,2.9,2.1,4.1,6.2,3.9,0.7,0.7,3.4,13.7
93,Mike Conley,Point Guard,36,MIN,21,21,29.8,3.7,8.4,2.2,5.2,1.5,3.2,1.5,1.6,0.4,2.6,3,6.1,1,0.1,1.9,11.1
94,Pat Connaughton,Small Forward,31,MIL,18,0,23.1,2.1,5,1.1,3.3,1,1.7,0.4,0.7,0.7,2.8,3.5,2,0.5,0.2,1.1,5.8
95,Bilal Coulibaly,Small Forward,19,WAS,20,1,26.4,3.3,6.2,1.1,2.7,2.2,3.6,1,1.5,0.6,3.4,4,1.7,1.1,0.7,1.9,8.7
96,Robert Covington,Small Forward-Power Forward,33,TOT,20,6,18,1.7,3.9,0.9,2.3,0.9,1.6,0.9,1.1,1.3,2.2,3.5,0.9,1.5,0.8,2,5.2
96,Robert Covington,Power Forward,33,LAC,3,3,23,1,3,0.7,2.7,0.3,0.3,0.3,0.7,0.7,2,2.7,2.3,2,0.7,2.3,3
96,Robert Covington,Small Forward,33,PHI,17,3,17.1,1.8,4,0.9,2.2,0.9,1.8,1,1.1,1.4,2.2,3.6,0.6,1.4,0.8,1.9,5.5
97,Torrey Craig,Small Forward,33,CHI,23,7,21.2,2.1,4.9,1,2.7,1.1,2.2,0.6,0.7,1.9,3.1,5,1.1,0.7,0.4,2.4,5.9
98,Jae Crowder,Power Forward,33,MIL,9,2,26.7,2.8,5.2,1.8,3.4,1,1.8,0.8,1.3,0.4,3.4,3.9,1.7,0.8,0.3,1.6,8.1
99,Cade Cunningham,Point Guard,22,DET,22,22,34.9,8.1,19.4,2,6,6.1,13.4,3.7,4.1,0.5,3.3,3.8,7.3,1,0.2,2.7,22
100,Seth Curry,Shooting Guard,33,DAL,17,1,11.6,1.6,4.1,0.9,2.3,0.8,1.8,0.4,0.5,0.5,0.9,1.4,0.9,0.6,0.1,0.8,4.6
101,Stephen Curry,Point Guard,35,GSW,20,20,33.8,9,18.8,5.1,11.8,3.9,7,6.4,6.9,0.7,4.4,5.1,4.4,0.7,0.2,1.7,29.4
102,Dyson Daniels,Point Guard,20,NOP,23,12,25.1,2.7,6.8,0.7,2.9,2,3.9,0.7,1.1,1.1,3.7,4.7,3.1,1.5,0.4,2,6.9
103,Anthony Davis,Center,30,LAL,22,22,35,8.5,16,0.1,0.6,8.4,15.4,5.6,6.7,3.6,9,12.7,3.2,1,2.7,2.7,22.7
104,Johnny Davis,Shooting Guard,21,WAS,14,0,9.1,1.4,2.9,0.1,0.2,1.3,2.6,0.3,0.4,0.6,0.8,1.4,0.4,0.5,0.1,0.7,3.1
105,Dexter Dennis,Shooting Guard,24,DAL,2,0,3.5,1,3,0,1.5,1,1.5,0,0.5,0.5,0.5,1,0,0,0,0,2
106,DeMar DeRozan,Small Forward,34,CHI,21,21,35.6,7.6,17.2,0.9,2.5,6.7,14.7,5.6,7,0.9,2.7,3.6,5,1,0.8,2,21.8
107,Moussa Diabate,Center,22,LAC,9,0,6.1,1,2,0,0,1,2,1,1.3,1.6,0.6,2.1,0.4,0.4,0,0.4,3
108,Gradey Dick,Shooting Guard,20,TOR,15,1,14.7,1.1,4.2,0.7,2.7,0.5,1.5,0.9,0.9,0.5,1,1.5,1,0.3,0,1.5,3.9
109,Ousmane Dieng,Power Forward,20,OKC,12,0,10.2,1.1,3.1,0.6,2.2,0.5,0.9,0.3,0.3,0.5,1.3,1.8,0.9,0.1,0,0.6,3
110,Spencer Dinwiddie,Point Guard,30,BRK,20,20,31.4,4.7,11.9,2.2,6.5,2.5,5.4,3,3.8,0.5,3.4,3.9,6.3,0.8,0.2,1.6,14.6
111,Donte DiVincenzo,Shooting Guard,27,NYK,21,3,20.4,3,7.2,2.2,5.1,0.9,2.1,0.6,0.9,0.7,2.1,2.8,1.7,0.9,0.3,1.4,8.9
112,Luka Doni,Point Guard,24,DAL,20,20,35.9,11,22.5,3.9,10.2,7.1,12.3,6.1,7.9,0.7,7.7,8.4,8.7,1.3,0.5,1.8,31.9
113,Luguentz Dort,Small Forward,24,OKC,21,21,28.2,3.3,7.8,1.6,4.1,1.8,3.6,2,2.5,1.3,2.8,4.1,1.2,0.9,0.8,3,10.3
114,Ayo Dosunmu,Shooting Guard,24,CHI,21,1,18.2,2.5,5,0.8,2.3,1.7,2.8,0.7,0.9,0.4,1.3,1.7,1.8,0.7,0.1,1.6,6.4
115,Andre Drummond,Center,30,CHI,23,0,13.2,2.3,4.6,0,0,2.3,4.6,1.2,2.2,2.8,3.8,6.7,0.6,1,0.3,1.7,5.9
116,Chris Duarte,Small Forward,26,SAC,18,5,14.3,1.6,3.9,0.8,2.3,0.8,1.6,0.6,0.8,0.2,1.7,1.9,0.9,0.7,0.1,2.6,4.4
117,Kris Dunn,Point Guard,29,UTA,14,1,10.9,1.6,3.7,0.4,0.9,1.2,2.8,0.4,0.7,0.4,1.6,1.9,1.9,0.5,0.1,1.4,3.9
118,Kevin Durant,Power Forward,35,PHO,19,19,36.7,10.6,20.4,2.3,4.6,8.3,15.8,7.4,8.3,0.3,6.2,6.5,5.7,0.7,1.2,1.9,31
119,Jalen Duren,Center,20,DET,14,13,28.9,5.7,9.1,0,0.1,5.7,8.9,1.1,2,3.4,7.6,10.9,2.5,0.6,1.4,3.4,12.6
120,Tari Eason,Power Forward,22,HOU,12,0,18.2,2.5,5.8,0.7,1.8,1.8,4,0.9,1.4,1.6,4.5,6.1,1.3,0.4,1.2,1.9,6.6
121,Anthony Edwards,Shooting Guard,22,MIN,19,19,33.5,8.5,18.7,2.4,6.3,6.1,12.5,5.1,5.8,0.7,4.9,5.6,4.8,1.2,0.5,1.8,24.4
122,Kessler Edwards,Small Forward,23,SAC,15,0,6.1,0.4,1.4,0.3,0.9,0.1,0.5,0.1,0.1,0.2,0.8,1,0.3,0.1,0.1,0.6,1.1
123,Keon Ellis,Shooting Guard,24,SAC,13,2,11.4,1.2,2.8,0.7,2.2,0.5,0.6,0.6,1,0.3,1.1,1.4,0.8,0.5,0.3,1.2,3.8
124,Joel Embiid,Center,29,PHI,18,18,34.8,10.9,21.3,1.1,3.3,9.8,18.1,10.5,12,3.4,8.1,11.5,6.4,1,1.9,2.8,33.3
125,Drew Eubanks,Center,26,PHO,21,0,17.8,2.7,4.6,0.1,0.1,2.6,4.5,1.2,1.4,1.5,3,4.5,1.4,0.2,1,2.1,6.7
126,Dante Exum,Point Guard,28,DAL,18,2,12.7,2.4,4.8,0.4,1.3,2,3.5,0.7,1.1,0.6,2.1,2.7,2.1,0.4,0.1,1.1,5.8
127,Bruno Fernando,Center,25,ATL,5,0,3.2,0.6,1.8,0,0.2,0.6,1.6,0.2,0.2,0.6,0.2,0.8,0,0,0,0.6,1.4
128,Dorian Finney-Smith,Power Forward,30,BRK,20,17,31.1,4.1,8.7,2.7,5.9,1.5,2.8,0.2,0.3,2.1,3.3,5.4,1.3,0.6,0.7,2.3,11.1
129,Malachi Flynn,Point Guard,25,TOR,22,0,16.1,1.9,4.5,0.9,2.6,1,1.9,0.6,0.8,0.4,1.5,1.9,2.2,0.7,0.2,1.3,5.3
130,Simone Fontecchio,Small Forward,28,UTA,20,7,18.8,2.6,6.1,1.6,4.3,1,1.9,0.5,0.6,0.7,1.8,2.5,1.2,0.4,0.4,1.5,7.3
131,Jordan Ford,Point Guard,25,SAC,5,0,2.8,0.4,1,0.2,0.4,0.2,0.6,0.4,0.4,0,0.2,0.2,0.2,0,0,0,1.4
132,Trent Forrest,Shooting Guard,25,ATL,5,0,8.6,0.6,1.8,0,0,0.6,1.8,0.8,0.8,0.4,0,0.4,1.6,0,0,0.8,2
133,Evan Fournier,Shooting Guard,31,NYK,1,0,16,1,6,0,4,1,2,0,0,0,1,1,1,1,0,2,2
134,De Aaron Fox,Point Guard,26,SAC,15,15,36.5,10.7,22.5,3,8.1,7.7,14.3,6.1,8.3,1.1,3.6,4.7,6.5,1.5,0.3,2.7,30.5
135,Alex Fudge,Small Forward,20,LAL,4,0,3.5,0.3,1.5,0,0.5,0.3,1,0.5,0.5,0.5,0,0.5,0,0,0,0.3,1
136,Markelle Fultz,Point Guard,25,ORL,5,5,28.6,5.4,11.2,0,0.6,5.4,10.6,0.6,0.8,1.6,1.8,3.4,4,1.2,0.4,1.2,11.4
137,Daniel Gafford,Center,25,WAS,19,19,24.8,4.2,6.1,0,0,4.2,6.1,1.5,2.3,2.6,4.6,7.2,1.7,0.6,2.1,3.4,9.9
138,Danilo Gallinari,Power Forward,35,WAS,19,0,15.9,2.6,5.8,0.8,2.7,1.8,3.1,1.6,2,0.5,2.7,3.3,1.5,0.3,0.2,1.2,7.7
139,Darius Garland,Point Guard,24,CLE,17,17,33.4,7.1,15.1,1.5,4.7,5.6,10.4,3.8,4.6,0.6,2.1,2.6,6.1,1.6,0.2,1.6,19.6
140,Luka Garza,Center,25,MIN,5,0,3.2,0.8,2.2,0,0.4,0.8,1.8,1,1.6,0.6,0.6,1.2,0.2,0,0,0.8,2.6
141,Kaiser Gates,Small Forward,27,NOP,1,0,7,0,4,0,2,0,2,0,0,0,1,1,0,0,0,0,0
142,Keyonte George,Point Guard,20,UTA,22,14,26.4,3.3,9.6,1.5,5.1,1.8,4.5,2.4,3.1,0.5,2.6,3.1,5.1,0.5,0.1,1.1,10.5
143,Paul George,Power Forward,33,LAC,21,21,35.8,8,18,3.2,8.3,4.8,9.7,4,4.4,0.6,5.2,5.8,4,1.8,0.2,2.9,23.4
144,Josh Giddey,Shooting Guard,21,OKC,21,21,26.1,5,11.9,0.8,2.5,4.2,9.4,1,1.3,1.5,4.3,5.8,4.2,0.9,0.4,1.4,11.7
145,Harry Giles,Center,25,BRK,3,0,5.7,3,4,0.3,1,2.7,3,0.3,1,0.7,0.7,1.3,0,0,0.3,0.7,6.7
146,Shai Gilgeous-Alexander,Point Guard,25,OKC,20,20,35.1,11.2,20.6,1.2,3.3,10.1,17.3,6.9,7.6,0.9,4.7,5.6,6.2,2.8,0.9,2.6,30.5
147,Anthony Gill,Power Forward,31,WAS,12,0,6,0.9,2,0,0.3,0.9,1.7,0.8,1,0.6,0.8,1.3,0.4,0.3,0.3,0.5,2.7
148,Collin Gillespie,Point Guard,24,DEN,10,0,8.1,0.8,1.9,0.3,1.2,0.5,0.7,0.1,0.1,0,0.3,0.3,0.8,0.5,0,0.9,2
149,Jacob Gilyard,Point Guard,25,MEM,16,7,14.8,1.2,2.8,1,2.5,0.2,0.3,0.1,0.1,0.4,0.8,1.1,2.8,0.6,0.1,1,3.4
150,Rudy Gobert,Center,31,MIN,21,21,32.8,5.1,8.2,0,0,5.1,8.2,3.3,5.2,4,8.5,12.4,1.1,0.6,2.5,2.9,13.5
151,Jordan Goodwin,Point Guard,25,PHO,22,0,17.1,2.4,5.9,1,2.7,1.4,3.2,0.7,0.8,1.2,2.7,3.9,2.2,0.7,0.3,1.2,6.4
152,Aaron Gordon,Power Forward,28,DEN,19,19,33.1,5.3,10.9,0.5,2.2,4.8,8.8,1.4,2.9,2.6,4.5,7.1,3.6,1.1,0.8,1.8,12.5
153,Eric Gordon,Shooting Guard,35,PHO,20,16,32.1,5.6,11.8,2.8,6.9,2.8,4.9,0.7,0.8,0.4,1.8,2.1,3,1.1,0.6,1.6,14.6
154,Devonte  Graham,Point Guard,28,SAS,3,0,12,0.7,2.3,0,1.3,0.7,1,1.3,1.7,0.3,0.3,0.7,3.7,0.7,0.3,0.7,2.7
155,Jerami Grant,Power Forward,29,POR,19,19,34.9,7.3,16.7,2.6,6.3,4.7,10.5,4.9,5.9,0.7,3.2,3.8,2.2,0.8,0.9,2.2,22.1
156,AJ Green,Shooting Guard,24,MIL,14,0,7.9,1,2.5,0.8,2.1,0.2,0.4,0.1,0.1,0.1,0.5,0.6,0.6,0,0,0.6,2.9
157,Danny Green,Shooting Guard,36,PHI,2,0,9,0,1,0,0.5,0,0.5,0,0,0,1,1,0.5,0.5,0,0.5,0
158,Draymond Green,Power Forward,33,GSW,14,14,25.7,3.6,7.2,1.3,2.9,2.3,4.4,1.8,2.1,1.6,4.2,5.8,6.1,0.4,0.8,3,10.2
159,Jalen Green,Shooting Guard,21,HOU,19,19,31.7,6.4,15.1,2.1,6.2,4.3,8.8,4.2,5.3,0.4,4.3,4.6,3.1,0.5,0.4,1.5,19.1
160,Jeff Green,Power Forward,37,HOU,18,0,15.2,1.9,3.6,0.4,1.2,1.5,2.3,1.7,2.2,0.8,1.5,2.3,0.6,0.2,0.4,1.2,5.9
161,Josh Green,Shooting Guard,23,DAL,18,5,25.2,2.6,6.1,1.3,3.5,1.3,2.6,0.5,0.9,0.6,2.3,2.9,2.4,0.9,0.2,1.7,6.9
162,AJ Griffin,Small Forward,20,ATL,11,0,9.2,0.9,3,0.7,2.2,0.2,0.8,0.2,0.2,0.2,0.7,0.9,0.3,0.1,0,0.5,2.7
163,Quentin Grimes,Shooting Guard,23,NYK,19,18,22.7,2.2,5.9,1.7,4.8,0.5,1.2,0.1,0.2,0.2,1.1,1.3,1.2,0.7,0,1.8,6.2
164,Mouhamed Gueye,Power Forward,21,ATL,2,0,2,0,0.5,0,0.5,0,0,0,0,0,0,0,0,0.5,0,0.5,0
165,Rui Hachimura,Power Forward,25,LAL,14,1,23,4.3,8.6,1.2,3,3.1,5.6,1.6,2.1,0.9,2.6,3.5,1.1,0.8,0.2,1.6,11.4
166,Tyrese Haliburton,Point Guard,23,IND,18,18,34.4,9.4,17.9,3.9,8.9,5.4,8.9,4.2,4.8,0.7,3.4,4.2,12.1,1,0.7,1.1,26.9
167,RJ Hampton,Point Guard,22,MIA,1,0,2,0,1,0,0,0,1,0,0,0,0,0,0,0,0,0,0
168,Tim Hardaway Jr,Small Forward,31,DAL,19,0,27.7,5.7,13.5,3.5,9.1,2.3,4.5,2,2.3,0.4,3.1,3.4,1.5,0.2,0,1.1,16.9
169,James Harden,Shooting Guard,34,LAC,16,16,33.6,4.7,10.2,2.4,5.9,2.3,4.3,4,4.7,0.3,4.1,4.4,6.8,1.6,0.5,1.9,15.8
170,Jaden Hardy,Shooting Guard,21,DAL,17,0,11.2,2.2,5.8,0.8,2.6,1.5,3.1,1.1,1.6,0.5,1.3,1.8,1.4,0.3,0,1.1,6.3
171,Ron Harper Jr,Power Forward,23,TOR,1,0,4,0,0,0,0,0,0,0,0,0,0,0,1,0,0,2,0
172,Gary Harris,Shooting Guard,29,ORL,17,3,21.6,2.7,6.1,1.5,4.2,1.2,1.8,1.1,1.4,0.5,1.4,1.9,1.8,0.9,0.2,1.5,8.1
173,Joe Harris,Shooting Guard,32,DET,8,0,12.6,1.1,3.3,0.8,2.4,0.4,0.9,0,0,0.3,0.6,0.9,0.8,0.3,0.1,1.5,3
174,Tobias Harris,Power Forward,31,PHI,21,21,35.1,6.6,12.9,1,3,5.6,9.8,3.1,3.5,1,5.1,6.1,2.6,1,0.3,1.7,17.2
175,Shaquille Harrison,Shooting Guard,30,MEM,3,0,2,0.3,0.7,0,0,0.3,0.7,0,0,0,0.7,0.7,0,0,0.3,0,0.7
176,Josh Hart,Small Forward,28,NYK,21,5,28.5,3.3,6.9,1.1,3,2.2,4,0.5,0.7,1,5,6.1,2.7,1,0.3,1.9,8.2
177,Isaiah Hartenstein,Center,25,NYK,21,0,17.6,2.1,3.8,0,0.1,2.1,3.7,1,1.5,2.6,3,5.6,1.2,0.9,0.6,2.7,5.3
178,Sam Hauser,Small Forward,26,BOS,21,2,22.8,3.2,7,2.7,6.2,0.5,0.8,0.4,0.5,0.9,2.7,3.6,0.9,0.5,0.4,1.5,9.6
179,Jordan Hawkins,Shooting Guard,21,NOP,22,9,27.1,4,10.4,2.5,7,1.5,3.5,1.8,2.1,0.7,3,3.7,1.7,0.5,0,2,12.5
180,Jaxson Hayes,Center,23,LAL,20,0,11.2,1.3,1.9,0,0.2,1.3,1.7,0.6,1.1,0.4,1.3,1.7,0.4,0.3,0.5,2,3.1
181,Killian Hayes,Point Guard,22,DET,21,17,27.1,4,9.1,0.9,2.8,3.1,6.4,1.1,1.6,0.4,2.7,3.1,4.3,1.1,0.7,2,10
182,Gordon Hayward,Small Forward,33,CHO,19,19,32.6,5.8,12.8,0.9,2.6,4.9,10.2,2.6,3.4,1.2,3.7,4.9,4.5,1.3,0.5,1.8,15.2
183,Scoot Henderson,Point Guard,19,POR,12,5,25.6,3.6,10.7,0.8,4.2,2.8,6.5,1.3,2,0.9,1.8,2.7,4.1,0.5,0.1,4.2,9.3
184,Taylor Hendricks,Power Forward,20,UTA,4,0,14,1.5,4,0.8,2.5,0.8,1.5,0.3,0.5,0.5,0.8,1.3,0,0.8,0.8,1,4
185,Tyler Herro,Shooting Guard,24,MIA,8,8,34,8.5,19,3.1,7.6,5.4,11.4,2.8,3.1,0.4,4.6,5,4.6,1.4,0,1.6,22.9
186,Buddy Hield,Small Forward,31,IND,20,8,25.5,5,11,2.9,7.4,2.1,3.7,0.6,0.7,0.8,2.5,3.3,2.7,0.9,0.6,2.1,13.3
187,Haywood Highsmith,Power Forward,27,MIA,15,14,22.3,2.3,5.5,1.1,3.3,1.3,2.2,0.7,0.9,0.6,2.1,2.7,1.5,1.1,0.7,2.1,6.5
188,Nate Hinton,Shooting Guard,24,HOU,4,0,4,0.8,1.5,0.8,0.8,0,0.8,0,0,0.3,0.5,0.8,0,0,0,0.5,2.3
189,D Moi Hodge,Shooting Guard,25,LAL,6,0,5.5,0.5,2,0.3,1.7,0.2,0.3,0.2,0.3,0,0,0,0.3,0.2,0.2,0.7,1.5
190,Aaron Holiday,Point Guard,27,HOU,17,1,18.5,2.9,5.7,1.3,2.8,1.6,2.9,0.4,0.5,0.2,1.8,2,2.1,0.5,0.1,1.9,7.4
191,Jrue Holiday,Point Guard,33,BOS,19,19,34.7,4.7,10.9,1.7,4.5,3.1,6.4,1.3,1.5,1.7,5.4,7.1,5.1,0.7,0.9,1.6,12.4
192,Justin Holiday,Shooting Guard,34,DEN,13,4,13.8,1.8,3,1.1,2.1,0.7,0.9,0,0,0.2,1.4,1.6,1.1,0.5,0,1.2,4.6
193,Richaun Holmes,Center,30,DAL,11,1,10.5,1.2,2.3,0,0,1.2,2.3,0.5,1.1,1.4,2.2,3.5,0.5,0.1,0.5,1.5,2.8
194,Chet Holmgren,Center,21,OKC,21,21,30,6,11.7,1.6,4.2,4.5,7.4,3.4,3.9,1.7,6.1,7.8,2.5,0.9,2.4,2.9,17.1
195,Jalen Hood-Schifino,Shooting Guard,20,LAL,5,0,10.4,0.8,3.6,0.2,1.6,0.6,2,1,2,0.2,1,1.2,0.8,0,0.2,1.4,2.8
196,Al Horford,Center,37,BOS,19,8,26.6,2.9,6,1.4,3.7,1.6,2.3,0.4,0.4,1.6,5.2,6.8,2.8,0.5,1,1.8,7.7
197,Talen Horton-Tucker,Point Guard,23,UTA,22,8,22,3.6,9.2,1.3,3.9,2.3,5.4,1.1,1.4,0.5,2.3,2.8,4.3,0.9,0.5,2.1,9.6
198,Danuel House Jr,Small Forward,30,PHI,10,0,12.7,1.3,3.1,0.4,1.6,0.9,1.5,0.8,1,0.4,1,1.4,0.8,0.5,0.1,1,3.8
199,Caleb Houstan,Small Forward,21,ORL,14,0,9.4,0.9,2.1,0.9,1.9,0.1,0.1,0.3,0.3,0.2,1.2,1.4,0.4,0.1,0,0.8,3
200,Jett Howard,Small Forward,20,ORL,6,0,4.7,0.5,2,0.2,1.5,0.3,0.5,0.2,0.3,0.2,0.3,0.5,0.5,0,0,0.2,1.3
201,Kevin Huerter,Shooting Guard,25,SAC,19,19,27.3,4.6,10.3,2.4,6.5,2.2,3.8,0.7,0.9,0.7,3.9,4.6,2.9,0.8,0.3,2.3,12.3
202,Jay Huff,Center,25,DEN,2,0,1,0.5,0.5,0,0,0.5,0.5,0,0,0,0,0,0,0,0,0,1
203,De Andre Hunter,Small Forward,26,ATL,21,21,30.6,5,11.1,1.8,4.9,3.2,6.2,3,3.3,0.7,3.6,4.2,1.3,0.9,0.3,3.1,14.8
204,Bones Hyland,Point Guard,23,LAC,12,2,16.8,3.1,7.3,1.4,4,1.7,3.3,0.8,0.8,0.2,1,1.2,2,0.6,0,1.8,8.3
205,Joe Ingles,Small Forward,36,ORL,22,0,18.7,1.6,4,1,2.5,0.6,1.5,0.5,0.6,0.4,2.3,2.7,3.5,0.8,0.1,1.6,4.8
206,Brandon Ingram,Small Forward,26,NOP,20,20,34.2,9,18.3,1.3,4.3,7.8,14.1,3.8,4.9,0.6,4.6,5.2,5.4,0.8,0.2,2.1,23
207,Kyrie Irving,Shooting Guard,31,DAL,17,17,31.8,8.6,18.2,2.5,6.6,6.1,11.6,3.3,3.6,0.6,3.4,3.9,5.2,1.2,0.3,1.8,23
208,Jonathan Isaac,Power Forward,26,ORL,15,0,13.4,2.1,4.9,0.5,2.3,1.6,2.5,1.5,1.9,1.2,3.3,4.5,0.3,0.9,1.3,1.4,6.3
209,Jaden Ivey,Shooting Guard,21,DET,18,6,23,3.9,8.1,1,3.1,2.9,5,2.3,2.8,0.7,1.9,2.7,2.7,0.8,0.4,2.6,11.2
210,Andre Jackson Jr,Shooting Guard,22,MIL,17,3,7.7,0.8,1.3,0.4,0.6,0.5,0.6,0,0,0.6,0.6,1.2,0.6,0.3,0,1.4,2
211,Gregory Jackson II,Power Forward,19,MEM,3,0,2.3,0,1.3,0,0.7,0,0.7,0,0,0.3,0.7,1,0,0.3,0,0,0
212,Isaiah Jackson,Center,22,IND,12,0,13.1,2,3.4,0,0.1,2,3.3,1.4,2,1.4,2.8,4.3,0.8,0.5,1.6,2.8,5.4
213,Jaren Jackson Jr,Center,24,MEM,21,21,30.9,6.8,15.7,1.5,4.9,5.3,10.9,4.9,5.9,1.7,4.2,5.9,1.8,0.6,1.8,3.5,19.9
214,Reggie Jackson,Point Guard,33,DEN,23,13,26.4,5.3,10.7,1.7,4.1,3.7,6.6,1,1.5,0.4,2,2.4,4.5,0.7,0.3,2,13.3
215,Trayce Jackson-Davis,Power Forward,23,GSW,13,0,7.8,0.9,1.7,0,0,0.9,1.7,1.2,1.9,0.8,0.9,1.8,0.5,0.2,0.5,1.4,3
216,LeBron James,Power Forward,39,LAL,22,22,33.4,9.3,16.8,2.3,5.6,7,11.2,4.1,5.8,0.9,6.6,7.5,6.6,1.5,0.7,1.1,25
217,Jaime Jaquez Jr,Small Forward,22,MIA,22,4,27.3,5,9.5,1.1,3,3.8,6.5,1.1,1.4,1.1,2.5,3.6,2.5,1,0.2,2.3,12.2
218,DaQuan Jeffries,Shooting Guard,26,NYK,7,0,2.7,0.4,1.1,0.1,0.6,0.3,0.6,0,0.3,0,0.4,0.4,0.1,0,0,0.1,1
219,Ty Jerome,Shooting Guard,26,CLE,2,0,7.5,1,2,0,0.5,1,1.5,0,0,0.5,0,0.5,1.5,0,0,1,2
220,Isaiah Joe,Shooting Guard,24,OKC,21,0,20.6,3.2,7.2,2.5,5.7,0.7,1.5,1.1,1.3,0.1,2.3,2.4,1.1,0.9,0.3,1.2,10
221,Cameron Johnson,Power Forward,27,BRK,14,14,29,5.4,11.9,2.4,6.3,3.1,5.6,1.4,1.7,1.9,3.9,5.9,2.7,0.8,0.1,1.9,14.6
222,Jalen Johnson,Small Forward,22,ATL,15,12,29.9,5.7,9.5,1.1,2.7,4.5,6.9,1.7,2.2,1.3,5.9,7.3,2.4,1.1,1,2.2,14.1
223,Keldon Johnson,Small Forward,24,SAS,20,20,32.9,6.3,13.2,2.1,5.6,4.2,7.6,2.3,3.1,1.1,5.4,6.5,4.1,0.8,0.4,2.6,17
224,Keyontae Johnson,Small Forward,23,OKC,1,0,6,0,1,0,0,0,1,0,0,0,0,0,0,0,0,0,0
225,Nikola Joki,Center,28,DEN,22,22,34.2,11.1,20.8,1.3,4.2,9.9,16.6,4.8,6.2,3.5,9.5,13,9.6,1.1,0.8,2.6,28.4
226,Colby Jones,Shooting Guard,21,SAC,9,0,7.8,1.4,3.1,0.1,0.9,1.3,2.2,0.2,0.3,0.7,0.9,1.6,0.2,0.2,0.1,1,3.2
227,Damian Jones,Center,28,CLE,11,0,4.9,0.4,0.7,0,0,0.4,0.7,0.1,0.2,0.4,0.6,1,0.3,0.1,0.2,0.4,0.8
228,Derrick Jones Jr,Small Forward,26,DAL,21,20,24.2,3.7,7.4,1.7,4.3,2,3,1.1,1.5,1.2,2.6,3.9,1,0.7,0.8,1.7,10.1
229,Herbert Jones,Small Forward,25,NOP,20,20,31.1,4.2,8.2,1.2,3.5,3,4.7,2.7,3.1,1.2,3.2,4.4,2.8,1.8,1.3,3.5,12.3
230,Tre Jones,Point Guard,24,SAS,18,0,24.3,3.1,7.1,0.7,2.2,2.4,4.9,1.3,1.5,0.6,2.4,3,5.3,0.8,0.2,1.3,8.2
231,Tyus Jones,Point Guard,27,WAS,21,21,27,4.9,9.5,1.1,3.1,3.8,6.4,0.6,0.8,0.3,2.5,2.8,5,1,0.2,0.9,11.4
232,DeAndre Jordan,Center,35,DEN,8,1,13.8,2.3,3.8,0,0,2.3,3.8,0.8,2.6,1.5,3,4.5,1.1,0.4,0.3,1.5,5.3
233,Cory Joseph,Point Guard,32,GSW,11,0,11,0.6,2.5,0.4,1.7,0.3,0.8,0.4,0.6,0.2,0.7,0.9,2.2,0.3,0.1,0.9,2
234,Nikola Jovi,Power Forward,20,MIA,4,1,12,1,3,0.8,1.8,0.3,1.3,0.8,1,0.3,5.5,5.8,2.3,0.3,0,2.3,3.5
235,Luke Kennard,Shooting Guard,27,MEM,8,0,21.5,2.6,7.3,2.1,5.8,0.5,1.5,0.9,0.9,0.4,2.5,2.9,2,0.6,0.1,0.5,8.3
236,Walker Kessler,Center,22,UTA,15,9,25.1,4,7.3,0.1,0.7,3.9,6.5,0.7,1.3,3.3,4.9,8.2,0.8,0.4,2.4,2.3,8.9
237,Braxton Key,Small Forward,26,DEN,6,0,2.5,0.2,0.8,0,0.3,0.2,0.5,0.2,0.3,0,0.5,0.5,0.8,0,0,0.5,0.5
238,Corey Kispert,Small Forward,24,WAS,20,1,22.9,3.7,8.3,2,5.3,1.7,3,1.6,2,0.5,2.1,2.6,1.6,0.5,0.1,1.8,11
239,Maxi Kleber,Center,32,DAL,5,1,18,0.8,3.2,0.6,1.8,0.2,1.4,1.2,2,0.8,3.4,4.2,2,0.2,0.2,1.6,3.4
240,Kevin Knox,Small Forward,24,DET,7,2,18.6,3,5.9,1.3,3,1.7,2.9,0.3,0.4,0.7,2.4,3.1,0.4,0.6,0.1,1.7,7.6
241,John Konchar,Small Forward,27,MEM,17,2,17.8,1.2,3.4,0.6,1.9,0.6,1.4,0.2,0.4,1.1,3,4.1,1.4,0.7,0.7,1,3.4
242,Furkan Korkmaz,Shooting Guard,26,PHI,14,0,7.4,0.8,2.1,0.3,1.1,0.5,1.1,0.4,0.5,0.1,0.5,0.6,0.4,0.6,0,0.5,2.2
243,Luke Kornet,Center,28,BOS,16,0,13.2,1.9,2.5,0,0,1.9,2.5,0.5,0.6,1.4,1.9,3.3,0.6,0.5,0.8,1.2,4.4
244,Jonathan Kuminga,Power Forward,21,GSW,21,1,20.1,4.3,9.2,0.7,2.4,3.7,6.9,2.4,3.5,1,2.4,3.3,1,0.6,0.3,2.4,11.7
245,Kyle Kuzma,Power Forward,28,WAS,21,21,31.3,9,19,2.2,6.3,6.8,12.8,2.7,3.3,0.9,4.9,5.8,4.6,0.3,0.6,2,22.9
246,Jock Landale,Center,28,HOU,13,0,8.7,0.7,2,0.2,0.8,0.5,1.2,0.3,0.3,0.7,1.1,1.8,0.6,0.3,0.2,0.7,1.8
247,Jake LaRavia,Power Forward,22,MEM,5,0,12.2,1.4,4,0.4,2.4,1,1.6,0.2,0.4,0.6,1,1.6,0.4,0.2,0,1.6,3.4
248,Zach LaVine,Shooting Guard,28,CHI,18,18,35.3,7.3,16.6,2.4,7.1,4.9,9.4,3.9,4.6,0.3,4.6,4.9,3.4,0.9,0.2,2.1,21
249,AJ Lawson,Shooting Guard,23,DAL,4,0,9,1.8,4,0.8,2.5,1,1.5,0.5,1,0.3,0.5,0.8,0.5,0,0.3,0.5,4.8
250,Saben Lee,Point Guard,24,PHO,4,0,2.8,1,1.8,0,0.3,1,1.5,0.5,0.5,0.5,0.3,0.8,0.8,0,0.3,0.3,2.5
251,Alex Len,Center,30,SAC,6,0,6.8,1,1.3,0,0.2,1,1.2,0.5,1.2,1.2,1.5,2.7,0.8,0.2,0.8,0.3,2.5
252,Kawhi Leonard,Small Forward,32,LAC,21,21,34.7,8.4,17.3,2.3,5.5,6.1,11.8,3.3,4,1,4.9,5.9,3.6,1.5,0.7,1.6,22.5
253,Caris LeVert,Shooting Guard,29,CLE,16,1,30.4,5.4,13.3,1.7,5.4,3.8,7.9,2.3,3.1,0.4,3.3,3.7,3.6,1,0.4,1.8,14.9
254,Kira Lewis Jr,Point Guard,22,NOP,12,0,10.7,1.3,3.8,0.2,1.3,1.1,2.5,0.7,0.8,0.3,0.6,0.8,1.5,0.4,0.1,0.7,3.3
255,Maxwell Lewis,Small Forward,21,LAL,11,0,4.7,0.1,0.8,0.1,0.3,0,0.5,0,0,0.1,0.2,0.3,0.3,0.2,0,0.2,0.3
256,EJ Liddell,Power Forward,23,NOP,3,0,3,0.3,1.3,0,1,0.3,0.3,0.7,0.7,0,0.7,0.7,0,0,0.3,0.3,1.3
257,Damian Lillard,Point Guard,33,MIL,20,20,35.3,7.4,17.1,3,8.4,4.4,8.7,7.9,8.5,0.7,3.9,4.6,7,1.1,0.2,1.6,25.6
258,Nassir Little,Power Forward,23,PHO,16,0,14.3,1.8,3.8,0.7,2.1,1.1,1.7,0.9,1,0.5,1.6,2.1,0.7,0.6,0.5,1.2,5.2
259,Dereck Lively II,Center,19,DAL,19,18,25.2,3.9,5.4,0,0.1,3.9,5.3,0.8,1.4,2.8,4.9,7.7,1.3,0.6,1.6,3.2,8.7
260,Isaiah Livers,Power Forward,25,DET,8,1,20.8,2,6.3,1.3,4.3,0.8,2,0.6,0.9,0.5,1.5,2,1.1,0.1,0,1.8,5.9
261,Chris Livingston,Small Forward,20,MIL,3,0,4,0.7,1,0.3,0.3,0.3,0.7,0,0,0.3,0.3,0.7,0.3,0.3,0,0,1.7
262,Kenneth Lofton Jr,Power Forward,21,MEM,15,0,6.6,0.9,2.5,0.2,0.7,0.7,1.8,0.5,1,0.1,0.9,1,0.9,0.2,0.2,1,2.6
263,Kevon Looney,Center,27,GSW,22,19,22.5,2.4,4.1,0,0,2.4,4.1,1,1.5,2.8,5.6,8.4,2.6,0.7,0.3,2.6,5.7
264,Brook Lopez,Center,35,MIL,22,22,30.3,5.1,10.2,1.9,5.3,3.2,4.9,1.4,1.8,1.4,3.7,5.1,1.5,0.9,2.8,2.5,13.5
265,Robin Lopez,Center,35,MIL,4,0,3,0,0.3,0,0.3,0,0,0.5,0.5,0,0,0,0.3,0,0,0.5,0.5
266,Kevin Love,Power Forward,35,MIA,16,4,18.2,2.5,6.2,1.6,4.5,0.9,1.7,1.7,2,1,5.6,6.6,2.6,0.2,0.1,2,8.3
267,Kyle Lowry,Point Guard,37,MIA,21,21,29.4,3.1,7.1,2.1,4.9,1,2.2,1,1.2,0.8,3.3,4.1,4.3,1.2,0.3,2.7,9.4
268,Trey Lyles,Power Forward,28,SAC,7,0,19.4,2.3,6.1,1.1,4.3,1.1,1.9,1.6,2.4,1.1,4.1,5.3,1.6,0,0.1,2.3,7.3
269,Theo Maledon,Point Guard,22,CHO,13,1,15.4,1.5,5.1,0.4,2.3,1.1,2.8,0.8,0.9,0.3,1.5,1.8,2.2,0.5,0,1.4,4.2
270,Sandro Mamukelashvili,Center,24,SAS,7,0,7.9,0.9,2.1,0.3,1,0.6,1.1,0.7,0.9,0.9,1,1.9,1.1,0.3,0.1,1.1,2.7
271,Terance Mann,Shooting Guard,27,LAC,15,11,26.4,2.7,6.1,0.5,2.7,2.1,3.5,0.5,1,1.1,2.6,3.7,1.9,0.8,0.4,2,6.4
272,Tre Mann,Point Guard,22,OKC,7,0,10.1,2,3.7,0.7,1.7,1.3,2,0.1,0.1,0.4,1.7,2.1,1.7,0.4,0,0.1,4.9
273,Boban Marjanovi,Center,35,HOU,3,0,6.7,1.7,3,0,0.3,1.7,2.7,0,0.3,0.7,2,2.7,1,0,0.3,0.7,3.3
274,Lauri Markkanen,Power Forward,26,UTA,15,15,34.1,8.1,16.8,3.3,8.5,4.9,8.3,4.2,5,2.4,6.3,8.7,1.1,1.1,0.9,2.3,23.7
275,Naji Marshall,Small Forward,26,NOP,14,0,20.6,2.7,5.9,1.1,2.7,1.6,3.2,2,2.4,1.4,3.2,4.6,2.1,0.8,0.3,1.4,8.6
276,Caleb Martin,Small Forward,28,MIA,12,2,24.6,4.6,10.6,1.4,4.1,3.2,6.5,0.9,1.4,1.1,3,4.1,2,0.8,0.3,2.1,11.5
277,KJ Martin,Small Forward,23,TOT,11,0,7.7,0.7,2,0.1,0.5,0.6,1.5,0.3,0.5,0.3,0.8,1.1,0.4,0.5,0.1,1.3,1.8
277,KJ Martin,Small Forward,23,LAC,2,0,15.5,2,5,0.5,2.5,1.5,2.5,0.5,1,0.5,1,1.5,0.5,1,0.5,1.5,5
277,KJ Martin,Small Forward,23,PHI,9,0,6,0.4,1.3,0,0.1,0.4,1.2,0.2,0.4,0.2,0.8,1,0.3,0.3,0,1.2,1.1
278,Garrison Mathews,Shooting Guard,27,ATL,9,0,6.3,0.4,1.3,0.4,1.3,0,0,0,0,0.2,0.8,1,0.1,0.2,0,0.8,1.3
279,Bennedict Mathurin,Small Forward,21,IND,20,12,24.7,4.8,10.9,1.2,3.4,3.6,7.6,2.3,2.9,1.2,2.8,3.9,1.9,0.6,0.2,2,13
280,Wesley Matthews,Shooting Guard,37,ATL,11,0,10.5,0.5,1.9,0.5,1.6,0.1,0.3,1,1.4,0.2,0.8,1,0.6,0.4,0.1,1.3,2.5
281,Tyrese Maxey,Point Guard,23,PHI,20,20,38.4,9.4,20.1,3.3,8.2,6.1,12,5.2,5.8,0.6,3.7,4.3,6.7,0.9,0.7,2,27.1
282,Skylar Mays,Point Guard,26,POR,14,5,19.5,3.1,7.6,0.9,2.9,2.2,4.6,0.8,0.9,0.3,1.4,1.7,4.5,0.8,0.1,1.4,7.8
283,Miles McBride,Point Guard,23,NYK,13,0,4.3,0.7,1.4,0.4,1.1,0.3,0.3,0.1,0.2,0.1,0.2,0.2,0.2,0.3,0,0.5,1.8
284,CJ McCollum,Point Guard,32,NOP,10,10,33.3,7,16.2,2.7,7.5,4.3,8.7,2.8,3.6,0.8,3.4,4.2,5.6,1.7,0.9,2.2,19.5
285,TJ McConnell,Point Guard,31,IND,14,0,14.3,3.3,5.9,0.1,0.4,3.2,5.4,0.8,1.1,0.6,1.8,2.4,4.2,0.9,0.1,1.1,7.4
286,Jaden McDaniels,Small Forward,23,MIN,11,11,23.6,4.2,7.2,1,2.6,3.2,4.5,0.2,0.2,0.6,1.5,2.2,1.3,0.5,0.4,3.3,9.5
287,Jalen McDaniels,Small Forward,26,TOR,15,0,9.2,0.9,3.1,0.3,1.5,0.6,1.6,0.1,0.1,0.3,0.9,1.2,0.6,0.3,0.2,0.9,2.1
288,Doug McDermott,Small Forward,32,SAS,19,0,16.8,2.3,4.9,1.8,3.7,0.5,1.2,0.3,0.4,0.2,1.1,1.2,1.8,0.3,0.1,1.3,6.7
289,JaVale McGee,Center,36,SAC,18,0,9.3,2.2,3.3,0,0.1,2.2,3.2,0.6,1.1,1.3,2.2,3.5,0.4,0.3,0.6,1.2,5.1
290,Bryce McGowens,Shooting Guard,21,CHO,15,1,15.1,1.5,3.1,0.9,2,0.5,1.1,0.5,0.7,0.3,1.5,1.7,0.9,0.4,0.1,1.4,4.4
291,Jordan McLaughlin,Point Guard,27,MIN,5,0,3.8,0.2,0.8,0.2,0.4,0,0.4,0.4,0.4,0,0,0,1,0,0.4,0.4,1
292,De Anthony Melton,Shooting Guard,25,PHI,21,21,30.3,4.3,10.6,2.4,6,1.9,4.5,2.3,2.9,0.8,3.4,4.1,3.8,1.3,0.5,2.5,13.2
293,Sam Merrill,Shooting Guard,27,CLE,11,0,7.7,1,2.7,1,2.5,0,0.3,0,0,0.3,0.5,0.8,0.6,0.2,0,0.7,3
294,Chimezie Metu,Center,26,PHO,12,0,8.4,1.3,2.6,0.3,1.1,1,1.5,0.4,0.5,0.2,1.4,1.6,0.4,0.3,0.4,1.2,3.2
295,Vasilije Mici,Point Guard,30,OKC,8,0,12.3,1.1,3,0.6,1.8,0.5,1.3,0.5,0.8,0,0.5,0.5,2.8,0.1,0,0.8,3.4
296,Khris Middleton,Small Forward,32,MIL,18,18,21.6,4.7,10.1,1.4,3.8,3.3,6.2,1.5,1.9,0.8,3.6,4.3,4.1,0.8,0.1,1.8,12.4
297,Brandon Miller,Small Forward,21,CHO,18,12,31.7,5.5,12.3,1.9,4.7,3.6,7.6,1.7,2.1,1.1,3.1,4.2,2.2,0.6,0.6,2.9,14.6
298,Jordan Miller,Small Forward,24,LAC,2,0,3.5,1,1.5,0.5,0.5,0.5,1,0,0,0,0,0,0,0,0,1,2.5
299,Leonard Miller,Small Forward,20,MIN,3,0,2,0.3,0.7,0,0,0.3,0.7,0,0,0,2,2,0.3,0,0,0.3,0.7
300,Dariq Whitehead,Small Forward,19,BRK,1,0,3,0,0,0,0,0,0,1,2,0,0,0,0,0,1,0,1
301,Patty Mills,Point Guard,35,ATL,2,0,11,1,3,1,2,0,1,0,0,0,1,1,1,0.5,0.5,1,3
302,Shake Milton,Shooting Guard,27,MIN,21,0,16.3,2,5.1,0.5,2,1.4,3.1,1.4,1.8,0.2,1.7,1.9,1.4,0.7,0.1,1.5,5.9
303,Justin Minaya,Small Forward,24,POR,6,0,6.3,0.3,1,0.3,0.7,0,0.3,0.2,0.3,0.7,0.2,0.8,0,0,0.2,0.3,1.2
304,Josh Minott,Small Forward,21,MIN,9,0,2.6,0.7,1.3,0,0.6,0.7,0.8,0.2,0.4,0.1,0.2,0.3,0.1,0,0.1,0.4,1.6
305,Davion Mitchell,Point Guard,25,SAC,15,3,15.9,1.7,4.6,0.8,2.7,0.9,1.9,0.6,0.6,0.1,1.1,1.1,2.5,0.3,0.1,1.5,4.7
306,Donovan Mitchell,Shooting Guard,27,CLE,17,17,35.6,9.5,20.9,3,8.4,6.5,12.5,5.5,6.4,1.1,4.8,5.9,5.3,1.9,0.4,1.9,27.6
307,Evan Mobley,Power Forward,22,CLE,21,21,33.6,6.8,11.8,0.1,0.5,6.7,11.3,2.4,3.1,2.7,7.8,10.5,2.9,0.8,1.7,2.9,16
308,Isaiah Mobley,Power Forward,24,CLE,2,0,5,0.5,1.5,0,0.5,0.5,1,0,0,0,1,1,1.5,0.5,0,1,1
309,Malik Monk,Shooting Guard,25,SAC,20,0,25.1,4.7,11,2.7,6.3,2.1,4.7,2.7,3,0.6,2.3,2.9,4.7,0.8,0.5,1.7,14.7
310,Moses Moody,Shooting Guard,21,GSW,22,4,19,3.1,6.5,1.1,3.3,2,3.3,1.1,1.5,1.3,2.2,3.5,1,0.8,0.3,1.5,8.5
311,Wendell Moore Jr,Shooting Guard,22,MIN,2,0,2.5,0,1,0,1,0,0,0,0,0,0,0,0.5,0,0,0,0
312,Marcus Morris,Power Forward,34,PHI,14,3,12.6,1.8,4,0.9,1.8,0.9,2.2,0.4,0.4,0.4,1.8,2.2,0.5,0.3,0.4,1.6,4.8
313,Markieff Morris,Power Forward,34,DAL,5,0,7.2,1,3.4,0.6,2,0.4,1.4,0,0,0.4,0.8,1.2,0.4,0,0,0.6,2.6
314,Trey Murphy III,Small Forward,23,NOP,3,0,24.7,6,13,3,8.3,3,4.7,1,1.3,0.3,2.3,2.7,1,0.3,0.7,0.7,16
315,Dejounte Murray,Shooting Guard,27,ATL,21,21,34.1,7.6,16.8,2.2,5.8,5.3,11,2.6,3,0.7,3.7,4.4,5.5,1.7,0.2,1.4,20
316,Jamal Murray,Point Guard,26,DEN,10,10,29.9,6.2,14.6,2.3,5.5,3.9,9.1,2.7,3,0.3,2.6,2.9,6.7,0.3,0.6,2.1,17.4
317,Keegan Murray,Small Forward,23,SAC,16,16,32.1,4.9,12.4,2.1,7.1,2.8,5.3,1.1,1.3,1.6,4.2,5.8,1.8,1.2,0.5,2.6,12.9
318,Kris Murray,Small Forward,23,POR,12,0,10.7,0.8,2.5,0.5,1.6,0.3,0.9,0.3,0.4,0.4,1.1,1.5,0.3,0.7,0.1,0.8,2.4
319,Mike Muscala,Center,32,WAS,9,1,11.4,1.3,2.8,0.6,1.6,0.8,1.2,0.7,0.7,0.2,1.9,2.1,0.9,0.2,0.3,0.9,3.9
320,Svi Mykhailiuk,Small Forward,26,BOS,8,0,7.4,0.8,2.1,0.5,1.8,0.3,0.4,0,0,0.1,0.5,0.6,0.1,0.4,0,0.5,2
321,Larry Nance Jr,Center,31,NOP,14,0,15.1,1.5,3,0.2,0.8,1.3,2.2,0.3,0.6,1.3,2.9,4.1,0.7,0.6,0.3,1.4,3.5
322,Andrew Nembhard,Point Guard,24,IND,17,2,18.1,3.1,6.7,0.5,2.2,2.5,4.5,0.4,0.5,0.5,1.2,1.7,4.1,0.9,0.1,1.9,7
323,Aaron Nesmith,Small Forward,24,IND,18,1,24.3,4,7.4,1.7,3.9,2.3,3.5,1.3,1.9,0.8,2.2,3.1,1,0.9,0.6,3.4,11
324,Georges Niang,Power Forward,30,CLE,22,1,22.5,3.2,7.5,1.6,4.5,1.6,3.1,0.5,0.6,0.4,3.6,4,1.3,0.3,0.1,2.3,8.6
325,Daishen Nix,Point Guard,21,MIN,5,0,4,0.6,1.6,0.4,1,0.2,0.6,0,0,0,0.2,0.2,0,0.2,0,0,1.6
326,Zeke Nnaji,Power Forward,23,DEN,19,0,10.5,1.3,2.7,0.2,0.4,1.2,2.3,0.9,1.5,1.2,1.1,2.3,0.4,0.2,0.5,1.4,3.7
327,Jaylen Nowell,Shooting Guard,24,MEM,7,1,20,3.1,7.1,0.6,2.9,2.6,4.3,0.4,0.4,0.4,1.6,2,1.9,0.4,0,1.7,7.3
328,Markquis Nowell,Shooting Guard,24,TOR,1,0,4,0,1,0,0,0,1,2,2,2,0,2,2,1,0,0,2
329,Jusuf Nurki,Center,29,PHO,22,22,28,4.4,9.4,0.7,2.5,3.7,6.9,2.4,3.5,2.7,6.4,9.1,3.8,1,1.2,3.6,11.8
330,Jordan Nwora,Small Forward,25,IND,5,0,14.6,2.8,6.8,0.8,3,2,3.8,0.6,0.8,1.2,1.8,3,1.2,0.8,0.2,1.6,7
331,Royce O Neale,Small Forward,30,BRK,20,5,29.1,2.8,7.4,2.5,6.2,0.4,1.2,0.3,0.5,0.8,4.7,5.5,3.5,0.8,0.9,3,8.3
332,Chuma Okeke,Small Forward,25,ORL,10,0,5,0.5,1.4,0.3,1,0.2,0.4,0,0,0.3,0.8,1.1,0.3,0.1,0,0,1.3
333,Josh Okogie,Shooting Guard,25,PHO,22,10,21.8,1.9,4.7,0.5,2.1,1.4,2.6,2,2.6,1.7,1.8,3.5,1.1,1,0.5,1.4,6.4
334,Onyeka Okongwu,Center,23,ATL,21,0,23,3.1,5.7,0.2,1.2,2.9,4.5,2,2.4,2.6,4.2,6.8,1.5,0.5,0.8,2.9,8.4
335,Isaac Okoro,Small Forward,23,CLE,13,5,24.5,2.7,5.5,0.7,1.9,2,3.6,0.9,1.3,1.1,2.2,3.2,1.5,1.1,0.5,2.4,7
336,Kelly Olynyk,Center,32,UTA,20,1,20.9,2.7,4.6,0.9,1.8,1.9,2.8,1.7,1.9,1.8,3.7,5.5,3.7,0.9,0.2,2.9,7.9
337,Eugene Omoruyi,Small Forward,26,WAS,12,0,6.6,2,3.2,0.4,1,1.6,2.2,1.1,1.4,0.8,1.1,1.8,0.7,0.4,0.1,0.9,5.5
338,Cedi Osman,Small Forward,28,SAS,21,1,19.6,3,6.7,1.4,3.8,1.6,2.9,0.5,0.8,0.5,1.8,2.3,1.7,0.5,0.2,1.7,8
339,Kelly Oubre Jr,Small Forward,28,PHI,10,5,27.5,5.6,11.1,1.6,4.4,4,6.7,2.5,3.3,1.4,3.3,4.7,0.7,1.3,0.4,2.1,15.3
340,Chris Paul,Point Guard,38,GSW,19,7,26.5,3.1,7.7,1.1,3.5,1.9,4.3,1.4,1.5,0.3,3.3,3.6,7.2,1.4,0.1,1.6,8.6
341,Cameron Payne,Point Guard,29,MIL,22,2,17,2.5,5.2,1.3,2.9,1.2,2.3,0.4,0.4,0,1.4,1.4,2.3,0.4,0.1,2,6.6
342,Gary Payton II,Shooting Guard,31,GSW,14,0,17.3,2.4,5.1,0.6,2,1.8,3.1,0.4,0.6,1.1,2.1,3.1,0.9,1.2,0.3,1.9,5.9
343,Filip Petrušev,Center,23,TOT,3,0,3.3,0.3,0.7,0,0,0.3,0.7,0.3,0.7,0,0.3,0.3,0,0,0,0.3,1
343,Filip Petrušev,Center,23,PHI,1,0,3,0,0,0,0,0,0,0,0,0,1,1,0,0,0,0,0
343,Filip Petrušev,Center,23,SAC,2,0,3.5,0.5,1,0,0,0.5,1,0.5,1,0,0,0,0,0,0,0.5,1.5
344,Julian Phillips,Small Forward,20,CHI,12,0,4.9,0.4,1.3,0,0.6,0.4,0.8,0.1,0.3,0.2,0.6,0.8,0.4,0.1,0,0.7,0.9
345,Jalen Pickett,Shooting Guard,24,DEN,11,0,6.7,0.8,1.8,0.5,1.3,0.4,0.5,0.2,0.2,0.1,0.8,0.9,0.6,0.3,0,0.6,2.3
346,Mason Plumlee,Center,33,LAC,6,0,17,2,3.2,0,0,2,3.2,1,2.3,1.3,4.2,5.5,1,0.7,0.2,1,5
347,Brandin Podziemski,Shooting Guard,20,GSW,16,0,19.2,2.8,6.1,1.1,2.4,1.7,3.6,0.8,1.1,1.2,3.3,4.4,2.3,0.5,0.1,1.7,7.3
348,Jakob Poeltl,Center,28,TOR,22,22,26.7,5,6.8,0,0,5,6.8,0.8,1.7,2.8,5.6,8.4,2.2,0.8,1.1,2.7,10.8
349,Aleksej Pokusevski,Power Forward,22,OKC,6,0,5.7,0.3,1.5,0.2,1,0.2,0.5,0.2,0.3,0.3,0.8,1.2,0.8,0,0.2,0.8,1
350,Jordan Poole,Shooting Guard,24,WAS,20,20,29.2,6.1,15,1.9,6.3,4.2,8.7,3.1,3.6,0.5,2.2,2.7,3.4,1.1,0.4,3.2,17
351,Craig Porter Jr,Point Guard,23,CLE,14,1,14.3,2.9,5.2,0.2,0.5,2.6,4.7,1.3,1.9,0.2,1.6,1.9,2.4,0.6,0.4,1.1,7.2
352,Michael Porter Jr,Small Forward,25,DEN,23,23,32,6.8,13.7,3,7.4,3.8,6.3,1,1.4,1.7,6.4,8.1,1.6,0.5,0.9,2.3,17.6
353,Otto Porter Jr,Small Forward,30,TOR,11,1,11.8,0.9,2.4,0.6,1.7,0.3,0.6,0.1,0.1,0.5,1.6,2.2,0.3,0.4,0.4,1.1,2.5
354,Bobby Portis,Power Forward,28,MIL,22,0,23.6,4.5,9.5,0.7,2.5,3.8,7,1.2,1.6,1.5,5.1,6.5,1.2,0.8,0.6,2.4,11
355,Kristaps Porziis,Center,28,BOS,16,16,30.2,6.6,12,1.7,5,4.9,7,4.3,5.3,1.4,5,6.4,1.8,0.8,1.6,3.3,19.1
356,Dwight Powell,Center,32,DAL,19,1,14.4,1.3,1.7,0.1,0.1,1.2,1.7,1.7,2.1,1.2,1.8,3,1.5,0.5,0.4,1.8,4.3
357,Norman Powell,Shooting Guard,30,LAC,21,0,24.3,4,8.6,1.8,4.1,2.2,4.5,2.2,2.6,0.2,1.8,2,1,0.7,0.4,1.9,12.1
358,Taurean Prince,Power Forward,29,LAL,21,21,29.4,3.3,7.8,1.6,4.5,1.7,3.3,0.6,0.9,0.3,2.2,2.5,1.4,0.8,0.4,2.2,8.8
359,Payton Pritchard,Point Guard,26,BOS,21,0,20.4,2.2,5.9,1.2,3.8,1,2.1,0.5,0.6,1,2.2,3.1,2.9,0.3,0,1,6.1
360,Olivier-Maxence Prosper,Power Forward,21,DAL,11,0,8.4,0.5,1.9,0.2,1.2,0.4,0.7,0.8,1.3,0.4,1.1,1.5,0.5,0.1,0,0.5,2.1
361,Neemias Queta,Center,24,BOS,3,0,10.3,1.3,3.3,0,0,1.3,3.3,1.3,1.7,2.7,3,5.7,0,0.3,0,0.7,4
362,Immanuel Quickley,Shooting Guard,24,NYK,21,0,24.2,5,11.7,2,5.6,3,6.1,3,3.3,0.2,2.7,2.9,2.8,0.4,0.1,1.6,15
363,Lester Quinones,Shooting Guard,23,GSW,2,0,4.5,1,3,0.5,2,0.5,1,0,0,0,0,0,0,0,0,0.5,2.5
364,Julius Randle,Power Forward,29,NYK,21,21,35,7.5,17.3,1.7,5.6,5.8,11.8,4.7,6.5,2.1,7.6,9.7,5.4,0.7,0.2,2.6,21.4
365,Duop Reath,Center,27,POR,13,3,15.1,2.5,6.2,1.4,4.1,1.2,2.1,1.1,1.2,0.8,1.7,2.5,1.2,0.6,0.3,2,7.5
366,Austin Reaves,Shooting Guard,25,LAL,23,8,29.1,4.9,10.4,1.4,4.2,3.5,6.2,3,3.5,0.9,3.8,4.7,4.7,1,0.1,1.4,14.1
367,Cam Reddish,Small Forward,24,LAL,19,12,24.1,2.4,5.8,0.8,2.7,1.5,3.1,1.5,1.8,0.6,2.2,2.8,1.2,1.4,0.3,1.7,7.1
368,Paul Reed,Center,24,PHI,21,1,14.1,2.3,3.9,0.2,0.5,2.1,3.4,0.3,0.4,1.7,2.5,4.2,1,0.5,0.6,2.1,5
369,Naz Reid,Center,24,MIN,21,0,21.9,4.8,9.7,1.6,4.4,3.2,5.3,1.4,1.5,1,3.4,4.5,0.8,0.7,0.6,1.5,12.6
370,Jared Rhoden,Shooting Guard,24,DET,5,0,6,1,1.8,0.2,0.8,0.8,1,0.4,0.4,0.2,0.6,0.8,0.6,0,0,0.8,2.6
371,Nick Richards,Center,26,CHO,14,1,18.2,2.9,4,0,0,2.9,4,2.6,3.1,1.9,4.4,6.2,0.4,0.4,1.2,2.7,8.4
372,Josh Richardson,Shooting Guard,30,MIA,19,4,27.9,3.9,8.5,1.4,4.3,2.5,4.2,1.4,1.5,0.5,2.1,2.6,3,0.6,0.3,1.9,10.7
373,Duncan Robinson,Small Forward,29,MIA,20,12,29.4,5.2,10.9,2.9,7,2.3,4,1.1,1.4,0.3,2.3,2.6,2.9,0.4,0.2,2.6,14.3
374,Jerome Robinson,Shooting Guard,26,GSW,1,0,5,0,2,0,0,0,2,0,0,1,1,2,0,0,0,0,0
375,Mitchell Robinson,Center,25,NYK,21,21,29.2,2.8,4.7,0,0,2.8,4.7,0.7,1.8,5.3,5,10.3,0.7,1.5,1.3,1.9,6.2
376,Orlando Robinson,Center,23,MIA,8,3,18.6,3.1,5.4,0.8,0.9,2.4,4.5,0.9,1,1.5,4,5.5,2.4,0.6,0.6,2.1,7.9
377,Jeremiah Robinson-Earl,Power Forward,23,NOP,9,1,11.6,1.4,3,0.7,1.2,0.8,1.8,0.7,0.7,0.9,1.8,2.7,0.7,0.2,0,1,4.2
378,David Roddy,Power Forward,22,MEM,21,6,23.7,3.4,7.7,1,3.2,2.4,4.5,0.6,0.9,1,3.2,4.2,1,0.7,0.4,1.5,8.4
379,Ryan Rollins,Point Guard,21,WAS,8,0,6.1,1.1,2.3,0.1,0.3,1,2,1.6,2,0.3,1,1.3,1.3,1,0.3,0.8,4
380,Derrick Rose,Point Guard,35,MEM,12,4,18.9,3.6,8.1,0.7,1.9,2.9,6.2,1.1,1.3,0.5,1.3,1.8,3.3,0.6,0.1,1.1,8.9
381,Terry Rozier,Shooting Guard,29,CHO,11,11,36.7,8.5,18.6,2.1,6.4,6.5,12.3,3.5,4.1,0.5,3.1,3.6,7.2,0.9,0.5,2,22.6
382,Rayan Rupert,Shooting Guard,19,POR,7,0,4.4,0.1,1.7,0.1,0.9,0,0.9,0.3,0.6,0.1,0,0.1,0.3,0.3,0,0.1,0.7
383,D Angelo Russell,Point Guard,27,LAL,23,23,30.2,6.3,13,2.2,5.5,4,7.5,1.9,2.4,0.4,2.9,3.3,6.3,0.8,0.5,2,16.6
384,Matt Ryan,Small Forward,26,NOP,13,1,22.9,2.9,6.4,2.5,5.2,0.5,1.2,1,1.1,0.4,1.9,2.3,1.1,0.4,0.1,1.8,9.3
385,Domantas Sabonis,Center,27,SAC,20,20,35.3,7.1,12.4,0.5,1.3,6.6,11.1,4.1,6,3.5,8.7,12.2,7,0.9,0.8,3.6,18.8
386,Luka Šamani,Power Forward,24,UTA,10,0,6.2,1,2.9,0.3,1.3,0.7,1.6,0.1,0.1,0.3,1.4,1.7,0.2,0.1,0.2,0.5,2.4
387,Jermaine Samuels,Small Forward,25,HOU,5,0,5.8,0.4,0.8,0,0.4,0.4,0.4,0.4,0.4,0.2,1.2,1.4,0.4,0,0.2,0.6,1.2
388,Gui Santos,Power Forward,21,GSW,2,0,6,1,2,0,0.5,1,1.5,0,0,1,1,2,0.5,0,0,1,2
389,Dario Šari,Center,29,GSW,22,4,21.6,3.7,8.1,1.6,4.3,2,3.8,1.7,2.1,1.7,4.4,6.1,2.4,0.7,0.3,2.4,10.7
390,Olivier Sarr,Center,24,OKC,5,0,10.8,0.6,1.2,0.4,0.6,0.2,0.6,0.8,1.2,0.8,3.2,4,0.2,0,1,2,2.4
391,Marcus Sasser,Point Guard,23,DET,22,0,17.4,3,6.6,1.2,3.1,1.8,3.5,0.4,0.4,0.1,1.7,1.8,2.7,0.6,0.1,1.4,7.7
392,Admiral Schofield,Power Forward,26,ORL,6,0,3.7,0.5,1.5,0.2,1,0.3,0.5,0,0.3,0,0.5,0.5,0.2,0,0,0.8,1.2
393,Dennis Schroder,Point Guard,30,TOR,22,22,31.6,5.5,13.1,1.7,5,3.8,8,2.5,3,0.5,2.5,3,6.8,0.9,0.1,2.2,15.1
394,Dereon Seabron,Shooting Guard,23,NOP,5,0,10.4,0.8,2.6,0.2,0.4,0.6,2.2,1,1.2,0.2,1.2,1.4,0.8,0.4,0.2,0.8,2.8
395,Alperen Þengun,Center,21,HOU,19,19,32.9,8.5,15.7,0.8,2.6,7.7,13.1,2.9,4.6,2.5,6.5,9.1,5.7,0.9,0.8,3.2,20.8
396,Brice Sensabaugh,Small Forward,20,UTA,1,0,2,0,2,0,0,0,2,0,0,1,1,2,0,0,0,0,0
397,Collin Sexton,Shooting Guard,25,UTA,22,0,20.5,4.1,9.3,1.1,3.3,3,6,3,3.5,0.8,1.8,2.6,3.3,0.5,0.2,1.7,12.3
398,Landry Shamet,Shooting Guard,26,WAS,15,0,16.9,3.2,6.7,1.6,4,1.6,2.7,0.3,0.7,0.1,1.3,1.4,1.5,0.6,0.1,2.1,8.3
399,Day Ron Sharpe,Center,22,BRK,21,0,16,2.8,5,0,0.2,2.8,4.8,1.4,2.2,2.5,4.3,6.8,0.9,0.4,0.8,2.3,7
400,Shaedon Sharpe,Shooting Guard,20,POR,21,20,37,6.4,15,2.2,6.1,4.2,9,3.4,4.1,1.5,4.3,5.8,3.5,1,0.4,3,18.4
401,Ben Sheppard,Shooting Guard,22,IND,9,0,6.4,1,2.4,0.6,1.7,0.4,0.8,0.2,0.2,0.1,0.4,0.6,0.6,0.1,0,0.7,2.8
402,Pascal Siakam,Power Forward,29,TOR,22,22,34.3,7.9,16,0.8,3.8,7.1,12.2,4.1,5.3,1.6,5.3,6.9,5,0.7,0.2,2.2,20.7
403,Ben Simmons,Point Guard,27,BRK,6,6,31.8,3.2,6,0,0,3.2,6,0.2,0.7,2.7,8.2,10.8,6.7,0.5,0.8,2.7,6.5
404,Anfernee Simons,Shooting Guard,24,POR,3,3,33.7,8.7,20.7,4,9.7,4.7,11,4,4,1.3,1.3,2.7,5.3,1,0,3,25.3
405,Jericho Sims,Center,25,NYK,9,0,2.8,0.2,0.3,0,0,0.2,0.3,0.1,0.3,0.1,1,1.1,0.1,0,0,0.1,0.6
406,Jalen Slawson,Small Forward,24,SAC,4,0,4.3,0.5,0.8,0,0.3,0.5,0.5,0,0,0,1,1,0.5,0,0.3,0.3,1
407,Marcus Smart,Point Guard,29,MEM,11,11,29.9,4.6,10.8,1.6,5.5,3,5.3,1.5,1.9,0.3,2.2,2.5,5,2,0.4,3.2,12.5
408,Dennis Smith Jr,Point Guard,26,BRK,13,0,17.6,2.6,6.2,0.5,1.7,2.1,4.5,0.9,1.1,0.8,2.2,3,3.5,0.8,0.2,2.2,6.7
409,Dru Smith,Shooting Guard,26,MIA,9,0,14.6,1.7,3.7,0.8,1.9,0.9,1.8,0.2,0.2,0.7,0.9,1.6,1.6,1,0.3,1.3,4.3
410,Ish Smith,Point Guard,35,CHO,14,0,15.6,1.5,2.5,0.1,0.1,1.4,2.4,0,0,0.3,1.4,1.7,2.5,0.4,0.1,1.1,3.1
411,Jabari Smith Jr,Power Forward,20,HOU,19,19,30.1,5,10.1,1.6,4.4,3.4,5.6,1.1,1.5,1.7,6.7,8.5,1.6,0.6,0.7,3.1,12.7
412,Jalen Smith,Center,23,IND,14,0,15.4,3.8,5.4,1,1.5,2.8,3.9,1.4,1.9,1.4,4.1,5.5,0.9,0.4,0.3,2.1,10
413,Nick Smith Jr,Shooting Guard,19,CHO,8,0,7.1,1.5,3.1,1,1.5,0.5,1.6,0,0,0.3,0.4,0.6,0.3,0.1,0.3,0.6,4
414,Jeremy Sochan,Point Guard,20,SAS,21,20,28.9,4.3,9.8,0.9,2.2,3.4,7.6,1.6,2,1.4,3.7,5.1,4.2,0.7,0.3,2.9,11
415,Jaden Springer,Shooting Guard,21,PHI,11,0,11.5,1.2,3.4,0.3,1.1,0.9,2.3,0.5,0.7,1.1,0.9,2,0.9,0.5,0.5,1.6,3.2
416,Lamar Stevens,Power Forward,26,BOS,6,0,3.3,0.7,1.2,0.2,0.2,0.5,1,0,0,0.7,0.3,1,0.3,0.2,0.2,0.7,1.5
417,Isaiah Stewart,Power Forward,22,DET,22,22,31,4,8.9,1.5,4,2.5,4.9,1.3,1.6,1.9,5.2,7.1,1.4,0.3,0.6,2.5,10.7
418,Julian Strawther,Small Forward,21,DEN,20,0,12.2,1.7,4.6,1,3.1,0.8,1.5,0.4,0.5,0.1,1.1,1.2,1,0.3,0.3,1.7,4.7
419,Max Strus,Small Forward,27,CLE,22,22,35,5.2,12.1,2.9,7.8,2.3,4.3,1,1.3,0.8,4.8,5.5,4,1,0.6,2.8,14.3
420,Jalen Suggs,Shooting Guard,22,ORL,20,20,26,4.2,9.4,1.6,4.3,2.7,5.1,2.2,2.7,0.7,2.8,3.5,2.7,1.9,0.6,2.9,12.2
421,Cole Swider,Small Forward,24,MIA,3,0,9.7,2,4.7,1.3,3.7,0.7,1,0,0,0,0.3,0.3,1,0.3,0.3,0.3,5.3
422,Jae Sean Tate,Small Forward,28,HOU,18,0,17.9,2.2,4.3,0.7,1.9,1.5,2.4,0.4,0.6,0.9,2.6,3.5,1.1,0.9,0.3,2.6,5.4
423,Jayson Tatum,Power Forward,25,BOS,21,21,36.7,9.6,19.4,3,8.6,6.6,10.8,5.2,6.6,0.7,8,8.7,4.2,1.1,0.3,2.2,27.5
424,Terry Taylor,Power Forward,24,CHI,5,0,2.4,0.2,0.2,0,0,0.2,0.2,0,0,0,0.2,0.2,0,0.2,0,0,0.4
425,Garrett Temple,Shooting Guard,37,TOR,5,0,3.2,0.8,1,0.2,0.2,0.6,0.8,0.4,0.4,0,0.4,0.4,0.4,0.2,0,0,2.2
426,Dalen Terry,Shooting Guard,21,CHI,7,0,3.7,0.4,1.3,0.1,0.6,0.3,0.7,0,0.3,0.3,1.1,1.4,0.6,0,0.1,0.3,1
427,Daniel Theis,Center,31,TOT,11,0,16.7,3.1,6.7,0.5,1.2,2.6,5.5,0.5,0.9,2,2.5,4.5,1.1,0.3,1,2.5,7.1
427,Daniel Theis,Center,31,IND,1,0,8,1,4,0,1,1,3,0,0,0,0,0,0,0,0,1,2
427,Daniel Theis,Center,31,LAC,10,0,17.6,3.3,7,0.5,1.2,2.8,5.8,0.5,1,2.2,2.7,4.9,1.2,0.3,1.1,2.7,7.6
428,Cam Thomas,Shooting Guard,22,BRK,12,10,31.5,8.9,19.8,2.1,6.1,6.8,13.8,3.8,4.5,0.2,3.3,3.5,2.3,0.7,0.6,2,23.7
429,Amen Thompson,Small Forward,21,HOU,4,0,16.8,2.3,5.5,0.5,2.8,1.8,2.8,1.3,2,0.3,2.5,2.8,1.5,0.5,0.3,2.3,6.3
430,Ausar Thompson,Small Forward,21,DET,22,18,27.3,4.2,9.6,0.3,2.1,4,7.5,1.4,2,3,5.5,8.5,2.5,1,1.3,3.5,10.1
431,Klay Thompson,Small Forward,33,GSW,21,21,30.1,5.4,13.4,2.8,7.8,2.7,5.6,2.2,2.5,0.6,3.3,3.9,2.1,0.4,0.6,2.3,15.8
432,Tristan Thompson,Power Forward,32,CLE,17,0,9.1,1,1.5,0,0,1,1.5,0.4,1,1.1,1.4,2.5,0.6,0.1,0.4,0.8,2.4
433,JT Thor,Power Forward,21,CHO,17,1,16.5,1.5,3.6,0.7,1.9,0.8,1.7,0,0.2,0.8,2.1,2.9,0.6,0.2,0.3,1.2,3.8
434,Matisse Thybulle,Small Forward,26,POR,21,10,23.7,2.3,4.9,1.6,3.8,0.7,1,0.3,0.4,0.4,1.5,1.9,1.1,1.6,0.8,1.1,6.4
435,Xavier Tillman Sr,Center,25,MEM,11,5,21.6,3.3,7.8,0.7,2.5,2.5,5.4,0.5,1.1,1.5,3.2,4.7,1.8,1.5,0.8,1.9,7.7
436,Jacob Toppin,Small Forward,23,NYK,1,0,2,0,0,0,0,0,0,0,0,0,0,0,0,0,1,0,0
437,Obi Toppin,Power Forward,25,IND,20,19,24.8,5.2,8.5,1.3,3.4,4,5.1,1.4,1.7,1,2.2,3.2,1.4,0.7,0.6,2,13
438,Karl-Anthony Towns,Power Forward,28,MIN,21,21,33.2,7.9,15.5,2.1,5,5.8,10.5,3.9,4.3,1.1,7.8,9,3.1,0.9,0.7,3.4,21.9
439,Gary Trent Jr,Shooting Guard,25,TOR,19,2,25.5,3.9,10.1,1.8,5.2,2.1,4.9,1,1.7,0.2,1.8,2,1.4,0.7,0.1,1.1,10.6
440,PJ Tucker,Power Forward,38,TOT,15,3,15.9,0.4,1.3,0.3,1.1,0.1,0.2,0.2,0.2,1.1,1.8,2.9,0.5,0.6,0.2,2.3,1.3
440,PJ Tucker,Power Forward,38,PHI,3,3,22,0.7,1.7,0.7,1.7,0,0,0,0,0.3,4.3,4.7,0,1,0.7,3,2
440,PJ Tucker,Power Forward,38,LAC,12,0,14.4,0.3,1.2,0.3,0.9,0.1,0.3,0.3,0.3,1.3,1.2,2.4,0.7,0.5,0.1,2.2,1.2
441,Myles Turner,Center,27,IND,20,20,27.5,6.3,12.4,1.5,4.5,4.8,7.9,3.2,4.1,1.8,6.3,8,1.4,0.7,2.1,3.3,17.1
442,Hunter Tyson,Power Forward,23,DEN,7,0,2.6,0.1,0.6,0,0.4,0.1,0.1,0,0,0,0.6,0.6,0.1,0,0,0.7,0.3
443,Stanley Umude,Shooting Guard,24,DET,15,0,10.3,1.3,2.9,0.9,1.8,0.4,1.1,1.4,1.5,0.2,1.7,1.9,0.5,0.3,0.3,1.6,5
444,Jonas Valaninas,Center,31,NOP,23,23,26.7,5.4,9.7,0.7,1.9,4.7,7.8,2.4,2.9,2.3,6.5,8.8,2.3,0.4,1.3,3.2,14
445,Jarred Vanderbilt,Power Forward,24,LAL,3,0,14.3,0.3,2,0,1.3,0.3,0.7,0.3,0.7,1.7,3.3,5,1.3,0.3,0.3,1,1
446,Fred VanVleet,Point Guard,29,HOU,18,18,37.8,5.5,14.3,3.1,8.2,2.4,6.2,2.6,3,0.3,3.8,4.1,8.7,0.8,0.5,1.8,16.7
447,Devin Vassell,Shooting Guard,23,SAS,16,10,28.7,6.6,13.6,2.7,6.9,3.9,6.7,2.3,2.9,0.4,2.8,3.1,2.8,1,0.1,1.1,18.1
448,Sasha Vezenkov,Power Forward,28,SAC,17,0,14.4,2.4,5.3,1.3,3.4,1.1,1.9,0.4,0.5,0.6,1.8,2.4,0.4,0.5,0.3,1.2,6.4
449,Gabe Vincent,Point Guard,27,LAL,4,0,28.3,2.8,7,0.3,3.5,2.5,3.5,0.3,0.5,0.5,0.5,1,3,1.5,0,2.5,6
450,Nikola Vuevi,Center,33,CHI,23,23,34.3,6.8,15.1,0.9,3.4,6,11.7,1.5,1.8,3,7.3,10.3,3.2,0.8,0.7,2.7,16
451,Dean Wade,Power Forward,27,CLE,15,8,20.2,1.2,3.4,1,3.1,0.2,0.3,0.1,0.3,1.1,3.2,4.3,0.7,0.9,0.2,2.1,3.5
452,Franz Wagner,Small Forward,22,ORL,22,22,33.1,7.6,16.5,1.6,5,6,11.5,3.8,4.5,1.2,4.4,5.6,3.7,1.1,0.4,2,20.7
453,Moritz Wagner,Center,26,ORL,22,0,19.4,4.9,7.7,0.6,1.6,4.3,6,2.2,2.8,1.5,2.8,4.3,1.2,0.5,0.4,2.4,12.5
454,Ish Wainright,Small Forward,29,POR,2,0,2.5,0,0.5,0,0.5,0,0,0,0,0,0,0,0,0.5,0,0.5,0
455,Jabari Walker,Small Forward,21,POR,21,0,18,2.8,6.3,0.5,2,2.3,4.2,1.2,1.6,1.5,3.3,4.8,0.7,0.8,0.4,2.4,7.4
456,Jarace Walker,Power Forward,20,IND,5,0,8.2,1.4,3.6,0,1,1.4,2.6,0.6,0.6,0.2,1.4,1.6,1.2,0.4,0.4,0.8,3.4
457,Lonnie Walker IV,Shooting Guard,25,BRK,17,0,21.3,5.2,10.6,2.6,5.6,2.6,5,1.7,2.2,0.2,2.5,2.6,1.6,0.6,0.4,0.9,14.6
458,Cason Wallace,Shooting Guard,20,OKC,21,4,22.1,2.9,4.9,1.1,2.1,1.8,2.8,0.6,0.7,0.5,1.8,2.3,1.2,0.6,0.4,1.6,7.5
459,PJ Washington,Power Forward,25,CHO,19,12,31.1,5.3,12.3,2,6.1,3.3,6.2,1.3,1.8,1.2,4.1,5.2,2.4,0.7,0.9,2.9,13.9
460,TyTy Washington Jr,Point Guard,22,MIL,2,0,3,0.5,1.5,0.5,1,0,0.5,0,0,0,0.5,0.5,0,0.5,0,0,1.5
461,Yuta Watanabe,Small Forward,29,PHO,16,0,18.3,1.7,4.6,1.4,3.8,0.3,0.9,0.6,0.8,0.6,1.8,2.3,0.6,0.4,0.4,1.6,5.3
462,Lindy Waters III,Shooting Guard,26,OKC,8,0,7.8,1,2.3,0.9,2.1,0.1,0.1,0,0,0.1,0.6,0.8,0.6,0,0.1,0.5,2.9
463,Trendon Watford,Power Forward,23,BRK,14,0,14.5,2.8,5.4,0.4,1,2.4,4.4,0.9,1,1.1,2.5,3.6,1.8,0.5,0.2,2.1,6.9
464,Peyton Watson,Small Forward,21,DEN,21,0,15.6,2,4,0.2,1,1.8,3,0.7,1.1,0.4,1.6,2,0.9,0.5,1,1.5,4.8
465,Victor Wembanyama,Power Forward,20,SAS,20,20,30.3,7.1,16.4,1.3,5.1,5.8,11.3,3.6,4.4,2.4,7.8,10.2,2.6,1.3,2.7,2.5,19
466,Blake Wesley,Shooting Guard,20,SAS,5,0,4.8,0.6,1.6,0,0.2,0.6,1.4,0.2,0.4,0.2,0.2,0.4,1,0,0.2,0.6,1.4
467,Russell Westbrook,Point Guard,35,LAC,21,10,25.7,4.6,10.6,0.7,2.6,3.9,8,1.7,2.7,1.6,5,6.6,4.9,1.2,0.5,2.3,11.5
468,Coby White,Point Guard,23,CHI,23,23,33.7,5.5,12.7,3,7.1,2.5,5.6,1.7,2,0.3,3.1,3.4,4.3,0.9,0.3,2.7,15.6
469,Derrick White,Shooting Guard,29,BOS,18,18,32.4,4.9,10.3,2.4,5.8,2.6,4.5,3.1,3.6,0.7,3.1,3.8,5.2,1.1,0.9,2.4,15.4
470,Cam Whitmore,Small Forward,19,HOU,5,0,6.4,1.4,3,0.2,1,1.2,2,1,2,0.2,1.4,1.6,0.4,0.2,0,0.4,4
471,Aaron Wiggins,Shooting Guard,25,OKC,19,0,12.5,1.9,3.1,0.5,1.2,1.4,1.9,0.8,1.1,0.5,1.6,2.1,0.7,0.5,0.1,1.1,5.2
472,Andrew Wiggins,Small Forward,28,GSW,20,20,27.5,4.9,11.7,0.9,3.3,4,8.4,1.9,3,1.9,2.5,4.4,1.2,0.3,0.4,2.5,12.6
473,Lindell Wigginton,Point Guard,25,MIL,1,0,2,0,1,0,1,0,0,0,0,0,0,0,0,0,0,1,0
474,Grant Williams,Power Forward,25,DAL,19,19,28.8,3.3,7.7,2.3,5.6,1,2.2,1.1,1.6,1.2,2.6,3.7,1.7,0.3,0.6,2.6,9.8
475,Jalen Williams,Power Forward,22,OKC,18,18,33.1,6.7,13,1.1,2.9,5.7,10.1,3.4,3.9,0.3,3.9,4.2,3.7,0.9,0.3,3,17.9
476,Jaylin Williams,Center,21,OKC,16,0,12.9,1.4,3.9,0.8,2.3,0.6,1.6,0.6,0.6,0.6,2.9,3.4,1.4,0.3,0.1,1.7,4.1
477,Jeenathan Williams,Shooting Guard,24,HOU,4,0,5.5,1.5,2.8,0,0.5,1.5,2.3,0.3,0.5,0,0,0,0.5,0.3,0,0.5,3.3
478,Kenrich Williams,Power Forward,29,OKC,11,0,15.8,2.2,4.2,0.9,2,1.3,2.2,0.3,0.9,0.7,2.1,2.8,1.5,0.4,0.2,2,5.5
479,Mark Williams,Center,22,CHO,19,19,26.7,5.2,7.9,0,0,5.2,7.9,2.4,3.4,4,5.7,9.7,1.2,0.8,1.1,2.6,12.7
480,Patrick Williams,Power Forward,22,CHI,23,13,25.3,3.2,7.3,1,3.1,2.1,4.3,1.2,1.7,1.1,3,4.2,1.3,1,1,1.6,8.6
481,Robert Williams,Center,26,POR,6,0,19.8,2.8,4.3,0,0,2.8,4.3,1.2,1.5,1.8,4.5,6.3,0.8,1.2,1.2,2.8,6.8
482,Vince Williams Jr,Shooting Guard,23,MEM,13,0,14.8,1.3,3.2,0.8,2.5,0.5,0.6,1,1.2,0.5,2.8,3.2,1.2,0.3,0.5,1.9,4.5
483,Ziaire Williams,Small Forward,22,MEM,19,8,20.2,2.8,7.2,1.2,3.4,1.6,3.7,1.1,1.3,0.6,3.4,4.1,1.2,0.5,0.3,1.8,8
484,Zion Williamson,Power Forward,23,NOP,19,19,30.9,8.8,15.3,0.1,0.3,8.7,15,4.5,7.1,1.9,3.7,5.6,4.8,1.1,0.3,2.6,22.2
485,Jalen Wilson,Power Forward,23,BRK,2,0,3.5,0,0.5,0,0,0,0.5,0,0,0,0.5,0.5,0,0,0.5,0,0
486,Dylan Windler,Small Forward,27,NYK,3,0,2.3,0.3,0.7,0.3,0.7,0,0,0,0,0,0.3,0.3,0.3,0,0,0.3,1
487,James Wiseman,Center,22,DET,12,0,11.3,2.2,3.3,0,0.1,2.2,3.3,0.7,1.3,1.1,2.1,3.2,0.3,0.1,0.4,1.8,5
488,Christian Wood,Power Forward,28,LAL,22,1,19.7,2.4,5.4,0.6,2.4,1.8,3,1.4,2,1,4.9,5.9,0.9,0.2,0.5,1.7,6.9
489,Delon Wright,Point Guard,31,WAS,8,0,17.6,1.4,3.8,0.5,1.4,0.9,2.4,1.8,2,0.4,2.1,2.5,4.4,1.6,0.1,0.8,5
490,Thaddeus Young,Power Forward,35,TOR,3,0,3.3,0.7,1.3,0,0,0.7,1.3,0,0.7,0.3,0.7,1,1,0,0,0,1.3
491,Trae Young,Point Guard,25,ATL,19,19,36.1,8.3,20.1,3.1,8.7,5.2,11.4,7.6,8.8,0.7,2.1,2.8,10.6,1.5,0.1,1.5,27.2
492,Omer Yurtseven,Center,25,UTA,15,6,12.7,2.1,3.9,0.2,0.9,1.9,3,0.4,0.5,1.6,3.4,5,0.8,0.2,0.5,1.7,4.9
493,Cody Zeller,Center,31,NOP,19,0,9.7,0.5,1.7,0,0.1,0.5,1.7,0.7,1.3,1.2,1.8,3,1,0.2,0.1,1.2,1.7
494,Ivica Zubac,Center,26,LAC,21,21,26.6,5.1,8.2,0,0,5.1,8.2,1.8,3,3.2,6,9.1,0.9,0.2,1.5,2.8,12
